providerField,canonicalKey,acquisitionSurface,providerTimestamp,synqReceivedAt,requestStartedAt,requestCompletedAt,sequenceNumber,numericValue,rawValueJson,physicalSampleFingerprint,requestedInterval,requestedAggregation,aggregateBucketIdentity,hfWindowFrom,hfWindowTo,hfActualQueryTo,acquisitionOrdinal
powertrainTransmissionActualGear,CAN_TRANSMISSION_ACTUAL_GEAR,LATEST_SLOW,2026-09-02T17:48:54.000Z,2026-09-02T18:59:16.641Z,2026-09-02T18:59:16.385Z,2026-09-02T18:59:16.641Z,28,2,"{""value"":2,""timestamp"":""2026-09-02T17:48:54Z""}",,,,,,,,9
powertrainTransmissionActualGear,CAN_TRANSMISSION_ACTUAL_GEAR,LATEST_SLOW,2026-09-02T18:59:41.000Z,2026-09-02T18:59:46.481Z,2026-09-02T18:59:46.268Z,2026-09-02T18:59:46.481Z,79,2,"{""value"":2,""timestamp"":""2026-09-02T18:59:41Z""}",,,,,,,,40
powertrainTransmissionActualGear,CAN_TRANSMISSION_ACTUAL_GEAR,LATEST_SLOW,2026-09-02T18:59:59.000Z,2026-09-02T19:00:22.882Z,2026-09-02T19:00:22.660Z,2026-09-02T19:00:22.882Z,165,1,"{""value"":1,""timestamp"":""2026-09-02T18:59:59Z""}",,,,,,,,106
powertrainTransmissionActualGear,CAN_TRANSMISSION_ACTUAL_GEAR,LATEST_SLOW,2026-09-02T19:00:18.000Z,2026-09-02T19:00:58.296Z,2026-09-02T19:00:57.845Z,2026-09-02T19:00:58.296Z,221,1,"{""value"":1,""timestamp"":""2026-09-02T19:00:18Z""}",,,,,,,,142
powertrainTransmissionActualGear,CAN_TRANSMISSION_ACTUAL_GEAR,LATEST_SLOW,2026-09-02T19:00:18.000Z,2026-09-02T19:01:34.331Z,2026-09-02T19:01:34.116Z,2026-09-02T19:01:34.331Z,277,1,"{""value"":1,""timestamp"":""2026-09-02T19:00:18Z""}",,,,,,,,178
powertrainTransmissionActualGear,CAN_TRANSMISSION_ACTUAL_GEAR,LATEST_SLOW,2026-09-02T19:00:18.000Z,2026-09-02T19:02:09.526Z,2026-09-02T19:02:09.308Z,2026-09-02T19:02:09.526Z,333,1,"{""value"":1,""timestamp"":""2026-09-02T19:00:18Z""}",,,,,,,,214
powertrainTransmissionActualGear,CAN_TRANSMISSION_ACTUAL_GEAR,LATEST_SLOW,2026-09-02T19:00:18.000Z,2026-09-02T19:02:45.453Z,2026-09-02T19:02:45.264Z,2026-09-02T19:02:45.453Z,389,1,"{""value"":1,""timestamp"":""2026-09-02T19:00:18Z""}",,,,,,,,250
powertrainTransmissionActualGear,CAN_TRANSMISSION_ACTUAL_GEAR,LATEST_SLOW,2026-09-02T19:00:18.000Z,2026-09-02T19:03:21.260Z,2026-09-02T19:03:20.934Z,2026-09-02T19:03:21.260Z,445,1,"{""value"":1,""timestamp"":""2026-09-02T19:00:18Z""}",,,,,,,,286
powertrainTransmissionActualGear,CAN_TRANSMISSION_ACTUAL_GEAR,LATEST_SLOW,2026-09-02T19:03:54.000Z,2026-09-02T19:03:57.535Z,2026-09-02T19:03:57.321Z,2026-09-02T19:03:57.535Z,531,6,"{""value"":6,""timestamp"":""2026-09-02T19:03:54Z""}",,,,,,,,352
powertrainTransmissionActualGear,CAN_TRANSMISSION_ACTUAL_GEAR,LATEST_SLOW,2026-09-02T19:04:23.000Z,2026-09-02T19:04:32.734Z,2026-09-02T19:04:32.536Z,2026-09-02T19:04:32.734Z,621,3,"{""value"":3,""timestamp"":""2026-09-02T19:04:23Z""}",,,,,,,,422
powertrainTransmissionActualGear,CAN_TRANSMISSION_ACTUAL_GEAR,LATEST_SLOW,2026-09-02T19:04:54.000Z,2026-09-02T19:05:08.829Z,2026-09-02T19:05:08.607Z,2026-09-02T19:05:08.829Z,701,5,"{""value"":5,""timestamp"":""2026-09-02T19:04:54Z""}",,,,,,,,482
powertrainTransmissionActualGear,CAN_TRANSMISSION_ACTUAL_GEAR,LATEST_SLOW,2026-09-02T19:05:40.000Z,2026-09-02T19:05:44.349Z,2026-09-02T19:05:44.134Z,2026-09-02T19:05:44.349Z,815,2,"{""value"":2,""timestamp"":""2026-09-02T19:05:40Z""}",,,,,,,,576
powertrainTransmissionActualGear,CAN_TRANSMISSION_ACTUAL_GEAR,LATEST_SLOW,2026-09-02T19:06:06.000Z,2026-09-02T19:06:20.847Z,2026-09-02T19:06:20.617Z,2026-09-02T19:06:20.847Z,935,2,"{""value"":2,""timestamp"":""2026-09-02T19:06:06Z""}",,,,,,,,676
powertrainTransmissionActualGear,CAN_TRANSMISSION_ACTUAL_GEAR,LATEST_SLOW,2026-09-02T19:06:52.000Z,2026-09-02T19:06:57.992Z,2026-09-02T19:06:57.793Z,2026-09-02T19:06:57.992Z,1036,5,"{""value"":5,""timestamp"":""2026-09-02T19:06:52Z""}",,,,,,,,757
powertrainTransmissionActualGear,CAN_TRANSMISSION_ACTUAL_GEAR,LATEST_SLOW,2026-09-02T19:07:29.000Z,2026-09-02T19:07:33.582Z,2026-09-02T19:07:33.352Z,2026-09-02T19:07:33.582Z,1182,0,"{""value"":0,""timestamp"":""2026-09-02T19:07:29Z""}",,,,,,,,883
powertrainTransmissionActualGear,CAN_TRANSMISSION_ACTUAL_GEAR,LATEST_SLOW,2026-09-02T19:08:04.000Z,2026-09-02T19:08:09.538Z,2026-09-02T19:08:09.311Z,2026-09-02T19:08:09.538Z,1333,4,"{""value"":4,""timestamp"":""2026-09-02T19:08:04Z""}",,,,,,,,1014
powertrainTransmissionActualGear,CAN_TRANSMISSION_ACTUAL_GEAR,LATEST_SLOW,2026-09-02T19:08:39.000Z,2026-09-02T19:08:47.060Z,2026-09-02T19:08:46.805Z,2026-09-02T19:08:47.060Z,1434,3,"{""value"":3,""timestamp"":""2026-09-02T19:08:39Z""}",,,,,,,,1095
powertrainTransmissionActualGear,CAN_TRANSMISSION_ACTUAL_GEAR,LATEST_SLOW,2026-09-02T19:08:39.000Z,2026-09-02T19:09:32.232Z,2026-09-02T19:09:32.037Z,2026-09-02T19:09:32.232Z,1490,3,"{""value"":3,""timestamp"":""2026-09-02T19:08:39Z""}",,,,,,,,1131
powertrainTransmissionActualGear,CAN_TRANSMISSION_ACTUAL_GEAR,LATEST_SLOW,2026-09-02T19:10:04.000Z,2026-09-02T19:10:08.197Z,2026-09-02T19:10:07.927Z,2026-09-02T19:10:08.197Z,1561,4,"{""value"":4,""timestamp"":""2026-09-02T19:10:04Z""}",,,,,,,,1182
powertrainTransmissionActualGear,CAN_TRANSMISSION_ACTUAL_GEAR,LATEST_SLOW,2026-09-02T19:10:39.000Z,2026-09-02T19:10:43.701Z,2026-09-02T19:10:43.169Z,2026-09-02T19:10:43.701Z,1692,1,"{""value"":1,""timestamp"":""2026-09-02T19:10:39Z""}",,,,,,,,1293
powertrainTransmissionActualGear,CAN_TRANSMISSION_ACTUAL_GEAR,LATEST_SLOW,2026-09-02T19:11:15.000Z,2026-09-02T19:11:19.133Z,2026-09-02T19:11:18.865Z,2026-09-02T19:11:19.133Z,1843,2,"{""value"":2,""timestamp"":""2026-09-02T19:11:15Z""}",,,,,,,,1424
powertrainTransmissionActualGear,CAN_TRANSMISSION_ACTUAL_GEAR,LATEST_SLOW,2026-09-02T19:11:51.000Z,2026-09-02T19:11:55.135Z,2026-09-02T19:11:54.807Z,2026-09-02T19:11:55.135Z,1974,1,"{""value"":1,""timestamp"":""2026-09-02T19:11:51Z""}",,,,,,,,1535
powertrainTransmissionActualGear,CAN_TRANSMISSION_ACTUAL_GEAR,LATEST_SLOW,2026-09-02T19:12:28.000Z,2026-09-02T19:12:31.472Z,2026-09-02T19:12:31.123Z,2026-09-02T19:12:31.472Z,2085,3,"{""value"":3,""timestamp"":""2026-09-02T19:12:28Z""}",,,,,,,,1626
powertrainTransmissionActualGear,CAN_TRANSMISSION_ACTUAL_GEAR,LATEST_SLOW,2026-09-02T19:13:02.000Z,2026-09-02T19:13:06.673Z,2026-09-02T19:13:06.352Z,2026-09-02T19:13:06.673Z,2196,2,"{""value"":2,""timestamp"":""2026-09-02T19:13:02Z""}",,,,,,,,1717
powertrainTransmissionActualGear,CAN_TRANSMISSION_ACTUAL_GEAR,LATEST_SLOW,2026-09-02T19:13:37.000Z,2026-09-02T19:13:41.943Z,2026-09-02T19:13:41.751Z,2026-09-02T19:13:41.943Z,2277,1,"{""value"":1,""timestamp"":""2026-09-02T19:13:37Z""}",,,,,,,,1778
powertrainTransmissionActualGear,CAN_TRANSMISSION_ACTUAL_GEAR,LATEST_SLOW,2026-09-02T19:14:12.000Z,2026-09-02T19:14:20.603Z,2026-09-02T19:14:20.303Z,2026-09-02T19:14:20.603Z,2383,1,"{""value"":1,""timestamp"":""2026-09-02T19:14:12Z""}",,,,,,,,1864
powertrainTransmissionActualGear,CAN_TRANSMISSION_ACTUAL_GEAR,LATEST_SLOW,2026-09-02T19:14:12.000Z,2026-09-02T19:14:55.641Z,2026-09-02T19:14:55.369Z,2026-09-02T19:14:55.641Z,2441,1,"{""value"":1,""timestamp"":""2026-09-02T19:14:12Z""}",,,,,,,,1902
powertrainTransmissionActualGear,CAN_TRANSMISSION_ACTUAL_GEAR,LATEST_SLOW,2026-09-02T19:14:12.000Z,2026-09-02T19:15:31.491Z,2026-09-02T19:15:31.124Z,2026-09-02T19:15:31.491Z,2497,1,"{""value"":1,""timestamp"":""2026-09-02T19:14:12Z""}",,,,,,,,1938
powertrainTransmissionActualGear,CAN_TRANSMISSION_ACTUAL_GEAR,LATEST_SLOW,2026-09-02T19:15:58.000Z,2026-09-02T19:16:06.757Z,2026-09-02T19:16:06.506Z,2026-09-02T19:16:06.757Z,2562,1,"{""value"":1,""timestamp"":""2026-09-02T19:15:58Z""}",,,,,,,,1983
powertrainTransmissionActualGear,CAN_TRANSMISSION_ACTUAL_GEAR,LATEST_SLOW,2026-09-02T19:16:37.000Z,2026-09-02T19:16:42.439Z,2026-09-02T19:16:42.215Z,2026-09-02T19:16:42.439Z,2672,2,"{""value"":2,""timestamp"":""2026-09-02T19:16:37Z""}",,,,,,,,2073
powertrainTransmissionActualGear,CAN_TRANSMISSION_ACTUAL_GEAR,LATEST_SLOW,2026-09-02T19:17:15.000Z,2026-09-02T19:17:18.910Z,2026-09-02T19:17:18.604Z,2026-09-02T19:17:18.910Z,2787,3,"{""value"":3,""timestamp"":""2026-09-02T19:17:15Z""}",,,,,,,,2168
powertrainTransmissionActualGear,CAN_TRANSMISSION_ACTUAL_GEAR,LATEST_SLOW,2026-09-02T19:17:49.000Z,2026-09-02T19:17:54.421Z,2026-09-02T19:17:54.231Z,2026-09-02T19:17:54.421Z,2923,2,"{""value"":2,""timestamp"":""2026-09-02T19:17:49Z""}",,,,,,,,2284
powertrainTransmissionActualGear,CAN_TRANSMISSION_ACTUAL_GEAR,LATEST_SLOW,2026-09-02T19:18:25.000Z,2026-09-02T19:18:29.918Z,2026-09-02T19:18:29.697Z,2026-09-02T19:18:29.918Z,3064,1,"{""value"":1,""timestamp"":""2026-09-02T19:18:25Z""}",,,,,,,,2405
powertrainTransmissionActualGear,CAN_TRANSMISSION_ACTUAL_GEAR,LATEST_SLOW,2026-09-02T19:19:01.000Z,2026-09-02T19:19:05.348Z,2026-09-02T19:19:05.144Z,2026-09-02T19:19:05.348Z,3203,6,"{""value"":6,""timestamp"":""2026-09-02T19:19:01Z""}",,,,,,,,2524
powertrainTransmissionActualGear,CAN_TRANSMISSION_ACTUAL_GEAR,LATEST_SLOW,2026-09-02T19:19:13.000Z,2026-09-02T19:19:40.632Z,2026-09-02T19:19:40.407Z,2026-09-02T19:19:40.632Z,3274,5,"{""value"":5,""timestamp"":""2026-09-02T19:19:13Z""}",,,,,,,,2575
powertrainTransmissionActualGear,CAN_TRANSMISSION_ACTUAL_GEAR,LATEST_SLOW,2026-09-02T19:19:17.000Z,2026-09-02T19:20:21.361Z,2026-09-02T19:20:21.072Z,2026-09-02T19:20:21.361Z,3330,5,"{""value"":5,""timestamp"":""2026-09-02T19:19:17Z""}",,,,,,,,2611
powertrainTransmissionActualGear,CAN_TRANSMISSION_ACTUAL_GEAR,LATEST_SLOW,2026-09-02T19:19:17.000Z,2026-09-02T19:20:57.045Z,2026-09-02T19:20:56.798Z,2026-09-02T19:20:57.045Z,3386,5,"{""value"":5,""timestamp"":""2026-09-02T19:19:17Z""}",,,,,,,,2647
powertrainTransmissionActualGear,CAN_TRANSMISSION_ACTUAL_GEAR,LATEST_SLOW,2026-09-02T19:21:29.000Z,2026-09-02T19:21:33.133Z,2026-09-02T19:21:32.744Z,2026-09-02T19:21:33.133Z,3477,6,"{""value"":6,""timestamp"":""2026-09-02T19:21:29Z""}",,,,,,,,2718
powertrainTransmissionActualGear,CAN_TRANSMISSION_ACTUAL_GEAR,LATEST_SLOW,2026-09-02T19:22:05.000Z,2026-09-02T19:22:08.357Z,2026-09-02T19:22:08.139Z,2026-09-02T19:22:08.357Z,3611,3,"{""value"":3,""timestamp"":""2026-09-02T19:22:05Z""}",,,,,,,,2832
powertrainTransmissionActualGear,CAN_TRANSMISSION_ACTUAL_GEAR,LATEST_SLOW,2026-09-02T19:22:38.000Z,2026-09-02T19:22:44.165Z,2026-09-02T19:22:43.806Z,2026-09-02T19:22:44.165Z,3718,4,"{""value"":4,""timestamp"":""2026-09-02T19:22:38Z""}",,,,,,,,2919
powertrainTransmissionActualGear,CAN_TRANSMISSION_ACTUAL_GEAR,LATEST_SLOW,2026-09-02T19:23:08.000Z,2026-09-02T19:23:19.285Z,2026-09-02T19:23:19.066Z,2026-09-02T19:23:19.285Z,3834,0,"{""value"":0,""timestamp"":""2026-09-02T19:23:08Z""}",,,,,,,,3015
powertrainTransmissionActualGear,CAN_TRANSMISSION_ACTUAL_GEAR,LATEST_SLOW,2026-09-02T19:23:50.000Z,2026-09-02T19:23:54.663Z,2026-09-02T19:23:54.377Z,2026-09-02T19:23:54.663Z,3972,0,"{""value"":0,""timestamp"":""2026-09-02T19:23:50Z""}",,,,,,,,3133
powertrainTransmissionActualGear,CAN_TRANSMISSION_ACTUAL_GEAR,LATEST_SLOW,2026-09-02T19:24:26.000Z,2026-09-02T19:24:29.856Z,2026-09-02T19:24:29.644Z,2026-09-02T19:24:29.856Z,4099,4,"{""value"":4,""timestamp"":""2026-09-02T19:24:26Z""}",,,,,,,,3240
powertrainTransmissionActualGear,CAN_TRANSMISSION_ACTUAL_GEAR,LATEST_SLOW,2026-09-02T19:25:01.000Z,2026-09-02T19:25:05.632Z,2026-09-02T19:25:05.352Z,2026-09-02T19:25:05.632Z,4239,6,"{""value"":6,""timestamp"":""2026-09-02T19:25:01Z""}",,,,,,,,3360
powertrainTransmissionActualGear,CAN_TRANSMISSION_ACTUAL_GEAR,LATEST_SLOW,2026-09-02T19:25:36.000Z,2026-09-02T19:25:40.836Z,2026-09-02T19:25:40.564Z,2026-09-02T19:25:40.836Z,4378,2,"{""value"":2,""timestamp"":""2026-09-02T19:25:36Z""}",,,,,,,,3479
powertrainTransmissionActualGear,CAN_TRANSMISSION_ACTUAL_GEAR,LATEST_SLOW,2026-09-02T19:26:07.000Z,2026-09-02T19:26:19.676Z,2026-09-02T19:26:19.401Z,2026-09-02T19:26:19.676Z,4500,0,"{""value"":0,""timestamp"":""2026-09-02T19:26:07Z""}",,,,,,,,3581
powertrainTransmissionActualGear,CAN_TRANSMISSION_ACTUAL_GEAR,LATEST_SLOW,2026-09-02T19:26:49.000Z,2026-09-02T19:26:54.781Z,2026-09-02T19:26:54.579Z,2026-09-02T19:26:54.781Z,4607,2,"{""value"":2,""timestamp"":""2026-09-02T19:26:49Z""}",,,,,,,,3668
powertrainTransmissionActualGear,CAN_TRANSMISSION_ACTUAL_GEAR,LATEST_SLOW,2026-09-02T19:27:26.000Z,2026-09-02T19:27:30.834Z,2026-09-02T19:27:30.586Z,2026-09-02T19:27:30.834Z,4748,2,"{""value"":2,""timestamp"":""2026-09-02T19:27:26Z""}",,,,,,,,3789
powertrainTransmissionActualGear,CAN_TRANSMISSION_ACTUAL_GEAR,LATEST_SLOW,2026-09-02T19:27:55.000Z,2026-09-02T19:28:06.137Z,2026-09-02T19:28:05.920Z,2026-09-02T19:28:06.137Z,4884,4,"{""value"":4,""timestamp"":""2026-09-02T19:27:55Z""}",,,,,,,,3905
powertrainTransmissionActualGear,CAN_TRANSMISSION_ACTUAL_GEAR,LATEST_SLOW,2026-09-02T19:28:37.000Z,2026-09-02T19:28:41.767Z,2026-09-02T19:28:41.045Z,2026-09-02T19:28:41.767Z,5013,2,"{""value"":2,""timestamp"":""2026-09-02T19:28:37Z""}",,,,,,,,4014
powertrainTransmissionActualGear,CAN_TRANSMISSION_ACTUAL_GEAR,LATEST_SLOW,2026-09-02T19:29:13.000Z,2026-09-02T19:29:17.757Z,2026-09-02T19:29:17.368Z,2026-09-02T19:29:17.757Z,5161,1,"{""value"":1,""timestamp"":""2026-09-02T19:29:13Z""}",,,,,,,,4142
powertrainTransmissionActualGear,CAN_TRANSMISSION_ACTUAL_GEAR,LATEST_SLOW,2026-09-02T19:29:49.000Z,2026-09-02T19:29:53.789Z,2026-09-02T19:29:53.476Z,2026-09-02T19:29:53.789Z,5317,5,"{""value"":5,""timestamp"":""2026-09-02T19:29:49Z""}",,,,,,,,4278
powertrainTransmissionActualGear,CAN_TRANSMISSION_ACTUAL_GEAR,LATEST_SLOW,2026-09-02T19:30:26.000Z,2026-09-02T19:30:29.008Z,2026-09-02T19:30:28.747Z,2026-09-02T19:30:29.008Z,5453,1,"{""value"":1,""timestamp"":""2026-09-02T19:30:26Z""}",,,,,,,,4394
powertrainTransmissionActualGear,CAN_TRANSMISSION_ACTUAL_GEAR,LATEST_SLOW,2026-09-02T19:31:01.000Z,2026-09-02T19:31:04.636Z,2026-09-02T19:31:04.398Z,2026-09-02T19:31:04.636Z,5554,3,"{""value"":3,""timestamp"":""2026-09-02T19:31:01Z""}",,,,,,,,4475
powertrainTransmissionActualGear,CAN_TRANSMISSION_ACTUAL_GEAR,LATEST_SLOW,2026-09-02T19:31:36.000Z,2026-09-02T19:31:40.807Z,2026-09-02T19:31:40.487Z,2026-09-02T19:31:40.807Z,5715,2,"{""value"":2,""timestamp"":""2026-09-02T19:31:36Z""}",,,,,,,,4616
powertrainTransmissionActualGear,CAN_TRANSMISSION_ACTUAL_GEAR,LATEST_SLOW,2026-09-02T19:32:15.000Z,2026-09-02T19:32:18.821Z,2026-09-02T19:32:18.603Z,2026-09-02T19:32:18.821Z,5831,1,"{""value"":1,""timestamp"":""2026-09-02T19:32:15Z""}",,,,,,,,4712
powertrainTransmissionActualGear,CAN_TRANSMISSION_ACTUAL_GEAR,LATEST_SLOW,2026-09-02T19:32:15.000Z,2026-09-02T19:32:53.686Z,2026-09-02T19:32:53.494Z,2026-09-02T19:32:53.686Z,5887,1,"{""value"":1,""timestamp"":""2026-09-02T19:32:15Z""}",,,,,,,,4748
powertrainTransmissionActualGear,CAN_TRANSMISSION_ACTUAL_GEAR,LATEST_SLOW,2026-09-02T19:32:15.000Z,2026-09-02T19:33:28.761Z,2026-09-02T19:33:28.521Z,2026-09-02T19:33:28.761Z,5943,1,"{""value"":1,""timestamp"":""2026-09-02T19:32:15Z""}",,,,,,,,4784
powertrainTransmissionActualGear,CAN_TRANSMISSION_ACTUAL_GEAR,LATEST_SLOW,2026-09-02T19:32:15.000Z,2026-09-02T19:34:04.297Z,2026-09-02T19:34:03.993Z,2026-09-02T19:34:04.297Z,5999,1,"{""value"":1,""timestamp"":""2026-09-02T19:32:15Z""}",,,,,,,,4820
powertrainTransmissionActualGear,CAN_TRANSMISSION_ACTUAL_GEAR,LATEST_SLOW,2026-09-02T19:34:20.000Z,2026-09-02T19:34:40.198Z,2026-09-02T19:34:39.959Z,2026-09-02T19:34:40.198Z,6060,2,"{""value"":2,""timestamp"":""2026-09-02T19:34:20Z""}",,,,,,,,4861
powertrainTransmissionActualGear,CAN_TRANSMISSION_ACTUAL_GEAR,LATEST_SLOW,2026-09-02T19:34:20.000Z,2026-09-02T19:35:16.067Z,2026-09-02T19:35:15.836Z,2026-09-02T19:35:16.067Z,6116,2,"{""value"":2,""timestamp"":""2026-09-02T19:34:20Z""}",,,,,,,,4897
powertrainTransmissionActualGear,CAN_TRANSMISSION_ACTUAL_GEAR,LATEST_SLOW,2026-09-02T19:35:47.000Z,2026-09-02T19:35:52.659Z,2026-09-02T19:35:52.362Z,2026-09-02T19:35:52.659Z,6177,2,"{""value"":2,""timestamp"":""2026-09-02T19:35:47Z""}",,,,,,,,4938
