dependency_changeset,dependent_changeset,dependency_type,dependency_package,dependent_package,cross_module,evidence,valid_order,resolution
cs-observability-api-and-domain-contracts,cs-evaluations-timezone-period-model,OBSERVABILITY_ONLY,,E1,true,"Phase-2 affected files are evaluations metric/finance/UI files from the same source commits, not an independent observability contract; current main preserves #819 observability, Nest Logger and the evaluations operations runbook.",REMOVED_NOT_APPLICABLE,REMOVED_AS_EXTERNAL_RECOVERY_BLOCKER
cs-evaluations-timezone-period-model,cs-evaluations-unified-kpi-contract,HARD_CONTRACT,E1,E1,false,EVAL-ADR-002 makes timezone/period provenance part of every KPI contract.,true,RETAINED_OR_RETYPED_FROM_PHASE2_5
cs-observability-api-and-domain-contracts,cs-evaluations-unified-kpi-contract,OBSERVABILITY_ONLY,,E1,true,"Phase-2 affected files are evaluations metric/finance/UI files from the same source commits, not an independent observability contract; current main preserves #819 observability, Nest Logger and the evaluations operations runbook.",REMOVED_NOT_APPLICABLE,REMOVED_AS_EXTERNAL_RECOVERY_BLOCKER
cs-evaluations-unified-kpi-contract,cs-evaluations-money-domain,HARD_CONTRACT,E1,E3,false,Money values implement the canonical KPI value envelope.,true,RETAINED_OR_RETYPED_FROM_PHASE2_5
cs-observability-api-and-domain-contracts,cs-evaluations-money-domain,OBSERVABILITY_ONLY,,E3,true,"Phase-2 affected files are evaluations metric/finance/UI files from the same source commits, not an independent observability contract; current main preserves #819 observability, Nest Logger and the evaluations operations runbook.",REMOVED_NOT_APPLICABLE,REMOVED_AS_EXTERNAL_RECOVERY_BLOCKER
cs-evaluations-money-domain,cs-evaluations-money-migration,HARD_MIGRATION,E3,E3,false,Backfill schema and conversion semantics must follow the final Money contract.,true,RETAINED_OR_RETYPED_FROM_PHASE2_5
cs-observability-api-and-domain-contracts,cs-evaluations-money-migration,OBSERVABILITY_ONLY,,E3,true,"Phase-2 affected files are evaluations metric/finance/UI files from the same source commits, not an independent observability contract; current main preserves #819 observability, Nest Logger and the evaluations operations runbook.",REMOVED_NOT_APPLICABLE,REMOVED_AS_EXTERNAL_RECOVERY_BLOCKER
cs-evaluations-money-migration,cs-evaluations-receivables,HISTORICAL_STACK_INHERITANCE,E3,E3,false,"First-parent chronology created this edge, but normalized source imports and ADR ownership do not require it.",REMOVED_NOT_APPLICABLE,REMOVED_OR_REPLACED_BY_NORMALIZED_EDGE
cs-observability-api-and-domain-contracts,cs-evaluations-receivables,OBSERVABILITY_ONLY,,E3,true,"Phase-2 affected files are evaluations metric/finance/UI files from the same source commits, not an independent observability contract; current main preserves #819 observability, Nest Logger and the evaluations operations runbook.",REMOVED_NOT_APPLICABLE,REMOVED_AS_EXTERNAL_RECOVERY_BLOCKER
cs-evaluations-receivables,cs-evaluations-revenue-cashflow-result,HARD_CONTRACT,E3,E3,false,Cashflow/result semantics consume canonical receivable state.,true,RETAINED_OR_RETYPED_FROM_PHASE2_5
cs-observability-api-and-domain-contracts,cs-evaluations-revenue-cashflow-result,OBSERVABILITY_ONLY,,E3,true,"Phase-2 affected files are evaluations metric/finance/UI files from the same source commits, not an independent observability contract; current main preserves #819 observability, Nest Logger and the evaluations operations runbook.",REMOVED_NOT_APPLICABLE,REMOVED_AS_EXTERNAL_RECOVERY_BLOCKER
cs-evaluations-revenue-cashflow-result,cs-evaluations-multi-currency,HARD_CONTRACT,E3,E3,false,Multi-currency conversion decorates canonical finance results and preserves originals.,true,RETAINED_OR_RETYPED_FROM_PHASE2_5
cs-observability-api-and-domain-contracts,cs-evaluations-multi-currency,OBSERVABILITY_ONLY,,E3,true,"Phase-2 affected files are evaluations metric/finance/UI files from the same source commits, not an independent observability contract; current main preserves #819 observability, Nest Logger and the evaluations operations runbook.",REMOVED_NOT_APPLICABLE,REMOVED_AS_EXTERNAL_RECOVERY_BLOCKER
cs-evaluations-multi-currency,cs-evaluations-finance-test-suite,TEST_ONLY,E3,E3,false,Finance acceptance fixtures cover every E3 finance capability in the same package.,true,RETAINED_OR_RETYPED_FROM_PHASE2_5
cs-observability-api-and-domain-contracts,cs-evaluations-finance-test-suite,OBSERVABILITY_ONLY,,E3,true,"Phase-2 affected files are evaluations metric/finance/UI files from the same source commits, not an independent observability contract; current main preserves #819 observability, Nest Logger and the evaluations operations runbook.",REMOVED_NOT_APPLICABLE,REMOVED_AS_EXTERNAL_RECOVERY_BLOCKER
cs-observability-api-and-domain-contracts,cs-evaluations-summary-detail-separation,OBSERVABILITY_ONLY,,E2,true,"Phase-2 affected files are evaluations metric/finance/UI files from the same source commits, not an independent observability contract; current main preserves #819 observability, Nest Logger and the evaluations operations runbook.",REMOVED_NOT_APPLICABLE,REMOVED_AS_EXTERNAL_RECOVERY_BLOCKER
cs-evaluations-summary-detail-separation,cs-evaluations-grouping-entity-references,HISTORICAL_STACK_INHERITANCE,E2,E2,false,Problem A: entity-reference contract has no import of summary/detail; its typed references are independently foundational.,REMOVED_NOT_APPLICABLE,REMOVED_OR_REPLACED_BY_NORMALIZED_EDGE
cs-observability-api-and-domain-contracts,cs-evaluations-grouping-entity-references,OBSERVABILITY_ONLY,,E2,true,"Phase-2 affected files are evaluations metric/finance/UI files from the same source commits, not an independent observability contract; current main preserves #819 observability, Nest Logger and the evaluations operations runbook.",REMOVED_NOT_APPLICABLE,REMOVED_AS_EXTERNAL_RECOVERY_BLOCKER
cs-evaluations-grouping-entity-references,cs-evaluations-analytics-summary,HARD_CONTRACT,E2,E4,false,"Analytics summary service/controller consumes the normalized analytics, detail, reference and filter contracts.",true,RETAINED_OR_RETYPED_FROM_PHASE2_5
cs-observability-api-and-domain-contracts,cs-evaluations-analytics-summary,OBSERVABILITY_ONLY,,E4,true,"Phase-2 affected files are evaluations metric/finance/UI files from the same source commits, not an independent observability contract; current main preserves #819 observability, Nest Logger and the evaluations operations runbook.",REMOVED_NOT_APPLICABLE,REMOVED_AS_EXTERNAL_RECOVERY_BLOCKER
cs-evaluations-analytics-summary,cs-evaluations-filter-architecture,HISTORICAL_STACK_INHERITANCE,E4,E2,false,Filter contracts are inputs to summary execution; historical commit order had the semantic direction reversed.,REMOVED_NOT_APPLICABLE,REMOVED_OR_REPLACED_BY_NORMALIZED_EDGE
cs-observability-api-and-domain-contracts,cs-evaluations-filter-architecture,OBSERVABILITY_ONLY,,E2,true,"Phase-2 affected files are evaluations metric/finance/UI files from the same source commits, not an independent observability contract; current main preserves #819 observability, Nest Logger and the evaluations operations runbook.",REMOVED_NOT_APPLICABLE,REMOVED_AS_EXTERNAL_RECOVERY_BLOCKER
cs-evaluations-filter-architecture,cs-evaluations-tenant-isolation,HISTORICAL_STACK_INHERITANCE,E2,E2,false,"Tenant guard/repository enforcement is a foundation concern, not a consumer of the full filter implementation.",REMOVED_NOT_APPLICABLE,REMOVED_OR_REPLACED_BY_NORMALIZED_EDGE
cs-infrastructure-api-and-domain-contracts,cs-evaluations-tenant-isolation,HISTORICAL_STACK_INHERITANCE,,E2,true,Phase-2 source commit 8cec86c… changes only Voice Assistant agent-deployment controller/service; no evaluation import or contract exists.,REMOVED_NOT_APPLICABLE,REMOVED_UNRELATED_VOICE_INFRASTRUCTURE
cs-observability-api-and-domain-contracts,cs-evaluations-tenant-isolation,OBSERVABILITY_ONLY,,E2,true,"Phase-2 affected files are evaluations metric/finance/UI files from the same source commits, not an independent observability contract; current main preserves #819 observability, Nest Logger and the evaluations operations runbook.",REMOVED_NOT_APPLICABLE,REMOVED_AS_EXTERNAL_RECOVERY_BLOCKER
cs-roles-access-api-and-domain-contracts,cs-evaluations-tenant-isolation,ALREADY_SATISFIED_BY_MAIN,,E2,true,"The historical changeset contains booking handover files; current main already provides OrgScopingGuard, PermissionsGuard, RequirePermission and versioned organization-role defaults.",REMOVED_NOT_APPLICABLE,USE_CURRENT_MAIN_CENTRAL_RBAC
cs-evaluations-tenant-isolation,cs-evaluations-analytics-contracts,HISTORICAL_STACK_INHERITANCE,E2,E2,false,"Problem B: analytics contract sources import entity-reference/filter types, not tenant-isolation implementation.",REMOVED_NOT_APPLICABLE,REMOVED_OR_REPLACED_BY_NORMALIZED_EDGE
cs-observability-api-and-domain-contracts,cs-evaluations-analytics-contracts,OBSERVABILITY_ONLY,,E2,true,"Phase-2 affected files are evaluations metric/finance/UI files from the same source commits, not an independent observability contract; current main preserves #819 observability, Nest Logger and the evaluations operations runbook.",REMOVED_NOT_APPLICABLE,REMOVED_AS_EXTERNAL_RECOVERY_BLOCKER
cs-evaluations-analytics-contracts,cs-evaluations-cost-model,HARD_CONTRACT,E2,E4,false,Cost model emits canonical analytics money/status envelopes.,true,RETAINED_OR_RETYPED_FROM_PHASE2_5
cs-observability-api-and-domain-contracts,cs-evaluations-cost-model,OBSERVABILITY_ONLY,,E4,true,"Phase-2 affected files are evaluations metric/finance/UI files from the same source commits, not an independent observability contract; current main preserves #819 observability, Nest Logger and the evaluations operations runbook.",REMOVED_NOT_APPLICABLE,REMOVED_AS_EXTERNAL_RECOVERY_BLOCKER
cs-evaluations-cost-model,cs-evaluations-utilization,HISTORICAL_STACK_INHERITANCE,E4,E4,false,"UtilizationSnapshotService imports filter/utilization contracts and vehicle services, not the cost model.",REMOVED_NOT_APPLICABLE,REMOVED_OR_REPLACED_BY_NORMALIZED_EDGE
cs-observability-api-and-domain-contracts,cs-evaluations-utilization,OBSERVABILITY_ONLY,,E4,true,"Phase-2 affected files are evaluations metric/finance/UI files from the same source commits, not an independent observability contract; current main preserves #819 observability, Nest Logger and the evaluations operations runbook.",REMOVED_NOT_APPLICABLE,REMOVED_AS_EXTERNAL_RECOVERY_BLOCKER
cs-evaluations-utilization,cs-evaluations-strength-detection,HARD_CONTRACT,E4,E4,false,Detection service imports utilization summary/snapshot.,true,RETAINED_OR_RETYPED_FROM_PHASE2_5
cs-observability-api-and-domain-contracts,cs-evaluations-strength-detection,OBSERVABILITY_ONLY,,E4,true,"Phase-2 affected files are evaluations metric/finance/UI files from the same source commits, not an independent observability contract; current main preserves #819 observability, Nest Logger and the evaluations operations runbook.",REMOVED_NOT_APPLICABLE,REMOVED_AS_EXTERNAL_RECOVERY_BLOCKER
cs-evaluations-utilization,cs-evaluations-weakness-detection,HARD_CONTRACT,E4,E4,false,Detection service imports utilization summary/snapshot.,true,RETAINED_OR_RETYPED_FROM_PHASE2_5
cs-observability-api-and-domain-contracts,cs-evaluations-weakness-detection,OBSERVABILITY_ONLY,,E4,true,"Phase-2 affected files are evaluations metric/finance/UI files from the same source commits, not an independent observability contract; current main preserves #819 observability, Nest Logger and the evaluations operations runbook.",REMOVED_NOT_APPLICABLE,REMOVED_AS_EXTERNAL_RECOVERY_BLOCKER
cs-evaluations-strength-detection,cs-evaluations-driver-influence-analysis,HARD_CONTRACT,E4,E4,false,"Driver analysis source imports the referenced summary, model, detection and entity-reference contracts.",true,RETAINED_OR_RETYPED_FROM_PHASE2_5
cs-evaluations-weakness-detection,cs-evaluations-driver-influence-analysis,HARD_CONTRACT,E4,E4,false,"Driver analysis source imports the referenced summary, model, detection and entity-reference contracts.",true,RETAINED_OR_RETYPED_FROM_PHASE2_5
cs-observability-api-and-domain-contracts,cs-evaluations-driver-influence-analysis,OBSERVABILITY_ONLY,,E4,true,"Phase-2 affected files are evaluations metric/finance/UI files from the same source commits, not an independent observability contract; current main preserves #819 observability, Nest Logger and the evaluations operations runbook.",REMOVED_NOT_APPLICABLE,REMOVED_AS_EXTERNAL_RECOVERY_BLOCKER
cs-evaluations-driver-influence-analysis,cs-evaluations-data-quality,HISTORICAL_STACK_INHERITANCE,E4,E5,false,"DataQualityService imports cost and utilization summaries, not driver analysis.",REMOVED_NOT_APPLICABLE,REMOVED_OR_REPLACED_BY_NORMALIZED_EDGE
cs-observability-api-and-domain-contracts,cs-evaluations-data-quality,OBSERVABILITY_ONLY,,E5,true,"Phase-2 affected files are evaluations metric/finance/UI files from the same source commits, not an independent observability contract; current main preserves #819 observability, Nest Logger and the evaluations operations runbook.",REMOVED_NOT_APPLICABLE,REMOVED_AS_EXTERNAL_RECOVERY_BLOCKER
cs-evaluations-data-quality,cs-evaluations-freshness-lineage,HARD_CONTRACT,E5,E5,false,Freshness/lineage extends canonical source-quality status.,true,RETAINED_OR_RETYPED_FROM_PHASE2_5
cs-infrastructure-api-and-domain-contracts,cs-evaluations-freshness-lineage,HISTORICAL_STACK_INHERITANCE,,E5,true,Phase-2 source commit 8cec86c… changes only Voice Assistant agent-deployment controller/service; no evaluation import or contract exists.,REMOVED_NOT_APPLICABLE,REMOVED_UNRELATED_VOICE_INFRASTRUCTURE
cs-observability-api-and-domain-contracts,cs-evaluations-freshness-lineage,OBSERVABILITY_ONLY,,E5,true,"Phase-2 affected files are evaluations metric/finance/UI files from the same source commits, not an independent observability contract; current main preserves #819 observability, Nest Logger and the evaluations operations runbook.",REMOVED_NOT_APPLICABLE,REMOVED_AS_EXTERNAL_RECOVERY_BLOCKER
cs-observability-api-and-domain-contracts,cs-evaluations-metric-state-ux,OBSERVABILITY_ONLY,,E5,true,"Phase-2 affected files are evaluations metric/finance/UI files from the same source commits, not an independent observability contract; current main preserves #819 observability, Nest Logger and the evaluations operations runbook.",REMOVED_NOT_APPLICABLE,REMOVED_AS_EXTERNAL_RECOVERY_BLOCKER
cs-evaluations-metric-state-ux,cs-evaluations-data-quality-panel,HARD_CONTRACT,E5,E6,false,"Data-quality panel renders canonical quality, lineage and metric-state contracts.",true,RETAINED_OR_RETYPED_FROM_PHASE2_5
cs-infrastructure-api-and-domain-contracts,cs-evaluations-data-quality-panel,HISTORICAL_STACK_INHERITANCE,,E6,true,Phase-2 source commit 8cec86c… changes only Voice Assistant agent-deployment controller/service; no evaluation import or contract exists.,REMOVED_NOT_APPLICABLE,REMOVED_UNRELATED_VOICE_INFRASTRUCTURE
cs-observability-api-and-domain-contracts,cs-evaluations-data-quality-panel,OBSERVABILITY_ONLY,,E6,true,"Phase-2 affected files are evaluations metric/finance/UI files from the same source commits, not an independent observability contract; current main preserves #819 observability, Nest Logger and the evaluations operations runbook.",REMOVED_NOT_APPLICABLE,REMOVED_AS_EXTERNAL_RECOVERY_BLOCKER
cs-evaluations-data-quality-panel,cs-evaluations-information-architecture,HISTORICAL_STACK_INHERITANCE,E6,E6,false,"The shell is independently definable; the panel mounts into it, not vice versa.",REMOVED_NOT_APPLICABLE,REMOVED_OR_REPLACED_BY_NORMALIZED_EDGE
cs-evaluations-information-architecture,cs-evaluations-executive-kpi-strip,SOFT_UI,E6,E6,false,"KPI strip requires the canonical shell plus real summary, finance and metric-state values.",true,RETAINED_OR_RETYPED_FROM_PHASE2_5
cs-infrastructure-api-and-domain-contracts,cs-evaluations-executive-kpi-strip,HISTORICAL_STACK_INHERITANCE,,E6,true,Phase-2 source commit 8cec86c… changes only Voice Assistant agent-deployment controller/service; no evaluation import or contract exists.,REMOVED_NOT_APPLICABLE,REMOVED_UNRELATED_VOICE_INFRASTRUCTURE
cs-observability-api-and-domain-contracts,cs-evaluations-executive-kpi-strip,OBSERVABILITY_ONLY,,E6,true,"Phase-2 affected files are evaluations metric/finance/UI files from the same source commits, not an independent observability contract; current main preserves #819 observability, Nest Logger and the evaluations operations runbook.",REMOVED_NOT_APPLICABLE,REMOVED_AS_EXTERNAL_RECOVERY_BLOCKER
cs-evaluations-executive-kpi-strip,cs-evaluations-strength-weakness-cockpit,HISTORICAL_STACK_INHERITANCE,E6,E6,false,"Cockpit consumes strength/weakness contracts, not KPI-strip implementation.",REMOVED_NOT_APPLICABLE,REMOVED_OR_REPLACED_BY_NORMALIZED_EDGE
cs-observability-api-and-domain-contracts,cs-evaluations-strength-weakness-cockpit,OBSERVABILITY_ONLY,,E6,true,"Phase-2 affected files are evaluations metric/finance/UI files from the same source commits, not an independent observability contract; current main preserves #819 observability, Nest Logger and the evaluations operations runbook.",REMOVED_NOT_APPLICABLE,REMOVED_AS_EXTERNAL_RECOVERY_BLOCKER
cs-evaluations-strength-weakness-cockpit,cs-evaluations-risk-cost-failure-visuals,HISTORICAL_STACK_INHERITANCE,E6,E6,false,Risk/cost visualizations consume analytics/cost contracts independently of cockpit rendering.,REMOVED_NOT_APPLICABLE,REMOVED_OR_REPLACED_BY_NORMALIZED_EDGE
cs-observability-api-and-domain-contracts,cs-evaluations-risk-cost-failure-visuals,OBSERVABILITY_ONLY,,E6,true,"Phase-2 affected files are evaluations metric/finance/UI files from the same source commits, not an independent observability contract; current main preserves #819 observability, Nest Logger and the evaluations operations runbook.",REMOVED_NOT_APPLICABLE,REMOVED_AS_EXTERNAL_RECOVERY_BLOCKER
cs-evaluations-risk-cost-failure-visuals,cs-evaluations-mobile-readiness,TEST_ONLY,E6,E6,false,Responsive acceptance covers every recovered core UI surface.,true,RETAINED_OR_RETYPED_FROM_PHASE2_5
cs-evaluations-mobile-readiness,cs-evaluations-accessibility-i18n,TEST_ONLY,E6,E6,false,Accessibility/i18n acceptance runs on the complete responsive shell.,true,RETAINED_OR_RETYPED_FROM_PHASE2_5
cs-observability-api-and-domain-contracts,cs-evaluations-recommendation-domain,OBSERVABILITY_ONLY,,E7,true,"Phase-2 affected files are evaluations metric/finance/UI files from the same source commits, not an independent observability contract; current main preserves #819 observability, Nest Logger and the evaluations operations runbook.",REMOVED_NOT_APPLICABLE,REMOVED_AS_EXTERNAL_RECOVERY_BLOCKER
cs-evaluations-recommendation-domain,cs-evaluations-action-center,HARD_CONTRACT,E7,E7,false,Action Center is a presentation of the recommendation state machine.,true,RETAINED_OR_RETYPED_FROM_PHASE2_5
cs-infrastructure-api-and-domain-contracts,cs-evaluations-action-center,HISTORICAL_STACK_INHERITANCE,,E7,true,Phase-2 source commit 8cec86c… changes only Voice Assistant agent-deployment controller/service; no evaluation import or contract exists.,REMOVED_NOT_APPLICABLE,REMOVED_UNRELATED_VOICE_INFRASTRUCTURE
cs-observability-api-and-domain-contracts,cs-evaluations-action-center,OBSERVABILITY_ONLY,,E7,true,"Phase-2 affected files are evaluations metric/finance/UI files from the same source commits, not an independent observability contract; current main preserves #819 observability, Nest Logger and the evaluations operations runbook.",REMOVED_NOT_APPLICABLE,REMOVED_AS_EXTERNAL_RECOVERY_BLOCKER
cs-evaluations-action-center,cs-evaluations-action-integrations,HARD_CONTRACT,E7,E7,false,"Material integrations require UI confirmation, tenant/RBAC checks and durable audit before side effects.",true,RETAINED_OR_RETYPED_FROM_PHASE2_5
cs-observability-api-and-domain-contracts,cs-evaluations-action-integrations,OBSERVABILITY_ONLY,,E7,true,"Phase-2 affected files are evaluations metric/finance/UI files from the same source commits, not an independent observability contract; current main preserves #819 observability, Nest Logger and the evaluations operations runbook.",REMOVED_NOT_APPLICABLE,REMOVED_AS_EXTERNAL_RECOVERY_BLOCKER
cs-evaluations-action-integrations,cs-evaluations-impact-measurement,HARD_CONTRACT,E7,E7,false,Impact records measure a versioned executed/confirmed recommendation action.,true,RETAINED_OR_RETYPED_FROM_PHASE2_5
cs-observability-api-and-domain-contracts,cs-evaluations-impact-measurement,OBSERVABILITY_ONLY,,E7,true,"Phase-2 affected files are evaluations metric/finance/UI files from the same source commits, not an independent observability contract; current main preserves #819 observability, Nest Logger and the evaluations operations runbook.",REMOVED_NOT_APPLICABLE,REMOVED_AS_EXTERNAL_RECOVERY_BLOCKER
cs-infrastructure-api-and-domain-contracts,cs-evaluations-predictive-analytics-architecture,HISTORICAL_STACK_INHERITANCE,,E8,true,Phase-2 source commit 8cec86c… changes only Voice Assistant agent-deployment controller/service; no evaluation import or contract exists.,REMOVED_NOT_APPLICABLE,REMOVED_UNRELATED_VOICE_INFRASTRUCTURE
cs-observability-api-and-domain-contracts,cs-evaluations-predictive-analytics-architecture,OBSERVABILITY_ONLY,,E8,true,"Phase-2 affected files are evaluations metric/finance/UI files from the same source commits, not an independent observability contract; current main preserves #819 observability, Nest Logger and the evaluations operations runbook.",REMOVED_NOT_APPLICABLE,REMOVED_AS_EXTERNAL_RECOVERY_BLOCKER
cs-evaluations-predictive-analytics-architecture,cs-evaluations-feature-store,HARD_SCHEMA,E8,E8,false,Point-in-time feature snapshots implement the predictive architecture contract.,true,RETAINED_OR_RETYPED_FROM_PHASE2_5
cs-observability-api-and-domain-contracts,cs-evaluations-feature-store,OBSERVABILITY_ONLY,,E8,true,"Phase-2 affected files are evaluations metric/finance/UI files from the same source commits, not an independent observability contract; current main preserves #819 observability, Nest Logger and the evaluations operations runbook.",REMOVED_NOT_APPLICABLE,REMOVED_AS_EXTERNAL_RECOVERY_BLOCKER
cs-evaluations-feature-store,cs-evaluations-demand-revenue-utilization-forecast,HARD_RUNTIME,E8,E8,false,Demand/revenue/utilization forecasts consume point-in-time feature snapshots.,true,RETAINED_OR_RETYPED_FROM_PHASE2_5
cs-infrastructure-api-and-domain-contracts,cs-evaluations-demand-revenue-utilization-forecast,HISTORICAL_STACK_INHERITANCE,,E8,true,Phase-2 source commit 8cec86c… changes only Voice Assistant agent-deployment controller/service; no evaluation import or contract exists.,REMOVED_NOT_APPLICABLE,REMOVED_UNRELATED_VOICE_INFRASTRUCTURE
cs-observability-api-and-domain-contracts,cs-evaluations-demand-revenue-utilization-forecast,OBSERVABILITY_ONLY,,E8,true,"Phase-2 affected files are evaluations metric/finance/UI files from the same source commits, not an independent observability contract; current main preserves #819 observability, Nest Logger and the evaluations operations runbook.",REMOVED_NOT_APPLICABLE,REMOVED_AS_EXTERNAL_RECOVERY_BLOCKER
cs-evaluations-demand-revenue-utilization-forecast,cs-evaluations-maintenance-failure-forecast,HISTORICAL_STACK_INHERITANCE,E8,E8,false,The forecast engines share the feature store but neither engine is a prerequisite of the other.,REMOVED_NOT_APPLICABLE,REMOVED_OR_REPLACED_BY_NORMALIZED_EDGE
cs-infrastructure-api-and-domain-contracts,cs-evaluations-maintenance-failure-forecast,HISTORICAL_STACK_INHERITANCE,,E8,true,Phase-2 source commit 8cec86c… changes only Voice Assistant agent-deployment controller/service; no evaluation import or contract exists.,REMOVED_NOT_APPLICABLE,REMOVED_UNRELATED_VOICE_INFRASTRUCTURE
cs-observability-api-and-domain-contracts,cs-evaluations-maintenance-failure-forecast,OBSERVABILITY_ONLY,,E8,true,"Phase-2 affected files are evaluations metric/finance/UI files from the same source commits, not an independent observability contract; current main preserves #819 observability, Nest Logger and the evaluations operations runbook.",REMOVED_NOT_APPLICABLE,REMOVED_AS_EXTERNAL_RECOVERY_BLOCKER
cs-evaluations-maintenance-failure-forecast,cs-evaluations-backtesting-drift,HARD_RUNTIME,E8,E8,false,Release backtests evaluate maintenance/failure candidates.,true,RETAINED_OR_RETYPED_FROM_PHASE2_5
cs-infrastructure-api-and-domain-contracts,cs-evaluations-backtesting-drift,HISTORICAL_STACK_INHERITANCE,,E8,true,Phase-2 source commit 8cec86c… changes only Voice Assistant agent-deployment controller/service; no evaluation import or contract exists.,REMOVED_NOT_APPLICABLE,REMOVED_UNRELATED_VOICE_INFRASTRUCTURE
cs-observability-api-and-domain-contracts,cs-evaluations-backtesting-drift,OBSERVABILITY_ONLY,,E8,true,"Phase-2 affected files are evaluations metric/finance/UI files from the same source commits, not an independent observability contract; current main preserves #819 observability, Nest Logger and the evaluations operations runbook.",REMOVED_NOT_APPLICABLE,REMOVED_AS_EXTERNAL_RECOVERY_BLOCKER
cs-evaluations-backtesting-drift,cs-evaluations-forecast-ux,HARD_CONTRACT,E8,E9,false,"Forecast UI requires approved model status, empirical coverage and release result.",true,RETAINED_OR_RETYPED_FROM_PHASE2_5
cs-infrastructure-api-and-domain-contracts,cs-evaluations-forecast-ux,HISTORICAL_STACK_INHERITANCE,,E9,true,Phase-2 source commit 8cec86c… changes only Voice Assistant agent-deployment controller/service; no evaluation import or contract exists.,REMOVED_NOT_APPLICABLE,REMOVED_UNRELATED_VOICE_INFRASTRUCTURE
cs-observability-api-and-domain-contracts,cs-evaluations-forecast-ux,OBSERVABILITY_ONLY,,E9,true,"Phase-2 affected files are evaluations metric/finance/UI files from the same source commits, not an independent observability contract; current main preserves #819 observability, Nest Logger and the evaluations operations runbook.",REMOVED_NOT_APPLICABLE,REMOVED_AS_EXTERNAL_RECOVERY_BLOCKER
cs-infrastructure-api-and-domain-contracts,cs-evaluations-gdpr,HISTORICAL_STACK_INHERITANCE,,E5,true,Phase-2 source commit 8cec86c… changes only Voice Assistant agent-deployment controller/service; no evaluation import or contract exists.,REMOVED_NOT_APPLICABLE,REMOVED_UNRELATED_VOICE_INFRASTRUCTURE
cs-observability-api-and-domain-contracts,cs-evaluations-gdpr,OBSERVABILITY_ONLY,,E5,true,"Phase-2 affected files are evaluations metric/finance/UI files from the same source commits, not an independent observability contract; current main preserves #819 observability, Nest Logger and the evaluations operations runbook.",REMOVED_NOT_APPLICABLE,REMOVED_AS_EXTERNAL_RECOVERY_BLOCKER
cs-roles-access-api-and-domain-contracts,cs-evaluations-gdpr,ALREADY_SATISFIED_BY_MAIN,,E5,true,"The historical changeset contains booking handover files; current main already provides OrgScopingGuard, PermissionsGuard, RequirePermission and versioned organization-role defaults.",REMOVED_NOT_APPLICABLE,USE_CURRENT_MAIN_CENTRAL_RBAC
cs-evaluations-gdpr,cs-evaluations-roles-permissions,SOFT_INTEGRATION,E5,E5,false,"Permission defaults distinguish aggregate, detail and export privacy scopes.",true,RETAINED_OR_RETYPED_FROM_PHASE2_5
cs-infrastructure-api-and-domain-contracts,cs-evaluations-roles-permissions,HISTORICAL_STACK_INHERITANCE,,E5,true,Phase-2 source commit 8cec86c… changes only Voice Assistant agent-deployment controller/service; no evaluation import or contract exists.,REMOVED_NOT_APPLICABLE,REMOVED_UNRELATED_VOICE_INFRASTRUCTURE
cs-observability-api-and-domain-contracts,cs-evaluations-roles-permissions,OBSERVABILITY_ONLY,,E5,true,"Phase-2 affected files are evaluations metric/finance/UI files from the same source commits, not an independent observability contract; current main preserves #819 observability, Nest Logger and the evaluations operations runbook.",REMOVED_NOT_APPLICABLE,REMOVED_AS_EXTERNAL_RECOVERY_BLOCKER
cs-roles-access-api-and-domain-contracts,cs-evaluations-roles-permissions,ALREADY_SATISFIED_BY_MAIN,,E5,true,"The historical changeset contains booking handover files; current main already provides OrgScopingGuard, PermissionsGuard, RequirePermission and versioned organization-role defaults.",REMOVED_NOT_APPLICABLE,USE_CURRENT_MAIN_CENTRAL_RBAC
cs-evaluations-roles-permissions,cs-evaluations-audit-logging,HARD_SECURITY,E5,E5,false,Sensitive audit events record the central policy decision.,true,RETAINED_OR_RETYPED_FROM_PHASE2_5
cs-infrastructure-api-and-domain-contracts,cs-evaluations-audit-logging,HISTORICAL_STACK_INHERITANCE,,E5,true,Phase-2 source commit 8cec86c… changes only Voice Assistant agent-deployment controller/service; no evaluation import or contract exists.,REMOVED_NOT_APPLICABLE,REMOVED_UNRELATED_VOICE_INFRASTRUCTURE
cs-observability-api-and-domain-contracts,cs-evaluations-audit-logging,OBSERVABILITY_ONLY,,E5,true,"Phase-2 affected files are evaluations metric/finance/UI files from the same source commits, not an independent observability contract; current main preserves #819 observability, Nest Logger and the evaluations operations runbook.",REMOVED_NOT_APPLICABLE,REMOVED_AS_EXTERNAL_RECOVERY_BLOCKER
cs-roles-access-api-and-domain-contracts,cs-evaluations-audit-logging,ALREADY_SATISFIED_BY_MAIN,,E5,true,"The historical changeset contains booking handover files; current main already provides OrgScopingGuard, PermissionsGuard, RequirePermission and versioned organization-role defaults.",REMOVED_NOT_APPLICABLE,USE_CURRENT_MAIN_CENTRAL_RBAC
cs-evaluations-timezone-period-model,cs-evaluations-filter-architecture,HARD_CONTRACT,E1,E2,false,Filter periods require explicit UTC bounds and reporting timezone.,true,ACTIVE_NORMALIZED_EDGE
cs-evaluations-grouping-entity-references,cs-evaluations-analytics-contracts,HARD_CONTRACT,E2,E2,false,Analytics primitives import InsightEntityReference from the typed reference contract.,true,ACTIVE_NORMALIZED_EDGE
cs-evaluations-filter-architecture,cs-evaluations-analytics-contracts,HARD_CONTRACT,E2,E2,false,Analytics primitives import EvaluationsAnalyticsAppliedFilters.,true,ACTIVE_NORMALIZED_EDGE
cs-evaluations-analytics-contracts,cs-evaluations-tenant-isolation,HARD_SECURITY,E2,E2,false,Contract definition precedes guard/repository enforcement; E2 cannot merge until enforcement tests pass.,true,ACTIVE_NORMALIZED_EDGE
cs-evaluations-tenant-isolation,cs-evaluations-summary-detail-separation,HARD_SECURITY,E2,E2,false,Summary/detail controllers and repository queries must be tenant/station scoped at first merge.,true,ACTIVE_NORMALIZED_EDGE
cs-evaluations-timezone-period-model,cs-evaluations-money-domain,HARD_CONTRACT,E1,E3,false,Historical finance values use explicit business-period and FX as-of time.,true,ACTIVE_NORMALIZED_EDGE
cs-evaluations-money-domain,cs-evaluations-receivables,HARD_CONTRACT,E3,E3,false,Receivable amounts use amountMinor/currency without a second money authority.,true,ACTIVE_NORMALIZED_EDGE
cs-evaluations-timezone-period-model,cs-evaluations-receivables,HARD_CONTRACT,E1,E3,false,Due/overdue state uses canonical zoned business dates.,true,ACTIVE_NORMALIZED_EDGE
cs-evaluations-money-domain,cs-evaluations-finance-test-suite,TEST_ONLY,E3,E3,false,Finance acceptance fixtures cover every E3 finance capability in the same package.,true,ACTIVE_NORMALIZED_EDGE
cs-evaluations-money-migration,cs-evaluations-finance-test-suite,TEST_ONLY,E3,E3,false,Finance acceptance fixtures cover every E3 finance capability in the same package.,true,ACTIVE_NORMALIZED_EDGE
cs-evaluations-receivables,cs-evaluations-finance-test-suite,TEST_ONLY,E3,E3,false,Finance acceptance fixtures cover every E3 finance capability in the same package.,true,ACTIVE_NORMALIZED_EDGE
cs-evaluations-revenue-cashflow-result,cs-evaluations-finance-test-suite,TEST_ONLY,E3,E3,false,Finance acceptance fixtures cover every E3 finance capability in the same package.,true,ACTIVE_NORMALIZED_EDGE
cs-evaluations-tenant-isolation,cs-evaluations-revenue-cashflow-result,HARD_SECURITY,E2,E3,false,New finance analytics reads cannot merge without organization/station enforcement.,true,ACTIVE_NORMALIZED_EDGE
cs-evaluations-analytics-contracts,cs-evaluations-analytics-summary,HARD_CONTRACT,E2,E4,false,"Analytics summary service/controller consumes the normalized analytics, detail, reference and filter contracts.",true,ACTIVE_NORMALIZED_EDGE
cs-evaluations-summary-detail-separation,cs-evaluations-analytics-summary,HARD_CONTRACT,E2,E4,false,"Analytics summary service/controller consumes the normalized analytics, detail, reference and filter contracts.",true,ACTIVE_NORMALIZED_EDGE
cs-evaluations-filter-architecture,cs-evaluations-analytics-summary,HARD_CONTRACT,E2,E4,false,"Analytics summary service/controller consumes the normalized analytics, detail, reference and filter contracts.",true,ACTIVE_NORMALIZED_EDGE
cs-evaluations-tenant-isolation,cs-evaluations-analytics-summary,HARD_SECURITY,E2,E4,false,Summary repository/controller must enforce organization/station scope.,true,ACTIVE_NORMALIZED_EDGE
cs-evaluations-money-domain,cs-evaluations-cost-model,HARD_CONTRACT,E3,E4,false,Cost values require the single canonical Money authority.,true,ACTIVE_NORMALIZED_EDGE
cs-evaluations-filter-architecture,cs-evaluations-cost-model,HARD_CONTRACT,E2,E4,false,Cost calculations use canonical period/station filters.,true,ACTIVE_NORMALIZED_EDGE
cs-evaluations-tenant-isolation,cs-evaluations-cost-model,HARD_SECURITY,E2,E4,false,Cost-model data access must be organization/station constrained.,true,ACTIVE_NORMALIZED_EDGE
cs-evaluations-filter-architecture,cs-evaluations-utilization,HARD_CONTRACT,E2,E4,false,UtilizationSnapshotService imports resolved analytics filters.,true,ACTIVE_NORMALIZED_EDGE
cs-evaluations-tenant-isolation,cs-evaluations-utilization,HARD_SECURITY,E2,E4,false,Vehicle/booking utilization queries are organization/station constrained.,true,ACTIVE_NORMALIZED_EDGE
cs-evaluations-analytics-summary,cs-evaluations-strength-detection,HARD_CONTRACT,E4,E4,false,Detection inputs use the canonical analytics summary envelope.,true,ACTIVE_NORMALIZED_EDGE
cs-evaluations-cost-model,cs-evaluations-strength-detection,HARD_CONTRACT,E4,E4,false,Detection service imports the cost-model summary/snapshot.,true,ACTIVE_NORMALIZED_EDGE
cs-evaluations-analytics-summary,cs-evaluations-weakness-detection,HARD_CONTRACT,E4,E4,false,Detection inputs use the canonical analytics summary envelope.,true,ACTIVE_NORMALIZED_EDGE
cs-evaluations-cost-model,cs-evaluations-weakness-detection,HARD_CONTRACT,E4,E4,false,Detection service imports the cost-model summary/snapshot.,true,ACTIVE_NORMALIZED_EDGE
cs-evaluations-analytics-summary,cs-evaluations-driver-influence-analysis,HARD_CONTRACT,E4,E4,false,"Driver analysis source imports the referenced summary, model, detection and entity-reference contracts.",true,ACTIVE_NORMALIZED_EDGE
cs-evaluations-cost-model,cs-evaluations-driver-influence-analysis,HARD_CONTRACT,E4,E4,false,"Driver analysis source imports the referenced summary, model, detection and entity-reference contracts.",true,ACTIVE_NORMALIZED_EDGE
cs-evaluations-utilization,cs-evaluations-driver-influence-analysis,HARD_CONTRACT,E4,E4,false,"Driver analysis source imports the referenced summary, model, detection and entity-reference contracts.",true,ACTIVE_NORMALIZED_EDGE
cs-evaluations-grouping-entity-references,cs-evaluations-driver-influence-analysis,HARD_CONTRACT,E2,E4,false,"Driver analysis source imports the referenced summary, model, detection and entity-reference contracts.",true,ACTIVE_NORMALIZED_EDGE
cs-evaluations-cost-model,cs-evaluations-data-quality,HARD_CONTRACT,E4,E5,false,Data-quality service enriches the cost-model summary.,true,ACTIVE_NORMALIZED_EDGE
cs-evaluations-utilization,cs-evaluations-data-quality,HARD_CONTRACT,E4,E5,false,Data-quality service enriches the utilization summary.,true,ACTIVE_NORMALIZED_EDGE
cs-evaluations-data-quality,cs-evaluations-metric-state-ux,HARD_CONTRACT,E5,E5,false,Metric-state UX maps quality availability without fabricating values.,true,ACTIVE_NORMALIZED_EDGE
cs-evaluations-freshness-lineage,cs-evaluations-metric-state-ux,HARD_CONTRACT,E5,E5,false,Stale/lineage status is part of the metric-state contract.,true,ACTIVE_NORMALIZED_EDGE
cs-evaluations-tenant-isolation,cs-evaluations-gdpr,HARD_SECURITY,E2,E5,false,Privacy policy is evaluated inside organization/station scope.,true,ACTIVE_NORMALIZED_EDGE
cs-evaluations-grouping-entity-references,cs-evaluations-gdpr,HARD_SECURITY,E2,E5,false,PII/detail policy relies on typed entity ownership.,true,ACTIVE_NORMALIZED_EDGE
cs-evaluations-tenant-isolation,cs-evaluations-roles-permissions,HARD_SECURITY,E2,E5,false,Central evaluation permissions layer on top of tenant/station enforcement.,true,ACTIVE_NORMALIZED_EDGE
cs-evaluations-gdpr,cs-evaluations-audit-logging,HARD_SECURITY,E5,E5,false,Audit payload/retention follows the privacy policy.,true,ACTIVE_NORMALIZED_EDGE
cs-evaluations-tenant-isolation,cs-evaluations-audit-logging,HARD_SECURITY,E2,E5,false,Audit events require authoritative organization/station scope.,true,ACTIVE_NORMALIZED_EDGE
cs-evaluations-analytics-contracts,cs-evaluations-information-architecture,HARD_CONTRACT,E2,E6,false,EvaluationsPage sections bind only to canonical analytics contracts.,true,ACTIVE_NORMALIZED_EDGE
cs-evaluations-tenant-isolation,cs-evaluations-information-architecture,HARD_SECURITY,E2,E6,false,UI cannot expose a route before its backing API is tenant safe.,true,ACTIVE_NORMALIZED_EDGE
cs-evaluations-data-quality,cs-evaluations-data-quality-panel,HARD_CONTRACT,E5,E6,false,"Data-quality panel renders canonical quality, lineage and metric-state contracts.",true,ACTIVE_NORMALIZED_EDGE
cs-evaluations-freshness-lineage,cs-evaluations-data-quality-panel,HARD_CONTRACT,E5,E6,false,"Data-quality panel renders canonical quality, lineage and metric-state contracts.",true,ACTIVE_NORMALIZED_EDGE
cs-evaluations-information-architecture,cs-evaluations-data-quality-panel,SOFT_UI,E6,E6,false,Panel is mounted in the canonical EvaluationsPage section structure.,true,ACTIVE_NORMALIZED_EDGE
cs-evaluations-analytics-summary,cs-evaluations-executive-kpi-strip,HARD_CONTRACT,E4,E6,false,"KPI strip requires the canonical shell plus real summary, finance and metric-state values.",true,ACTIVE_NORMALIZED_EDGE
cs-evaluations-revenue-cashflow-result,cs-evaluations-executive-kpi-strip,HARD_CONTRACT,E3,E6,false,"KPI strip requires the canonical shell plus real summary, finance and metric-state values.",true,ACTIVE_NORMALIZED_EDGE
cs-evaluations-metric-state-ux,cs-evaluations-executive-kpi-strip,HARD_CONTRACT,E5,E6,false,"KPI strip requires the canonical shell plus real summary, finance and metric-state values.",true,ACTIVE_NORMALIZED_EDGE
cs-evaluations-information-architecture,cs-evaluations-strength-weakness-cockpit,SOFT_UI,E6,E6,false,Cockpit mounts in the shell and consumes actual strength/weakness contracts.,true,ACTIVE_NORMALIZED_EDGE
cs-evaluations-strength-detection,cs-evaluations-strength-weakness-cockpit,HARD_CONTRACT,E4,E6,false,Cockpit mounts in the shell and consumes actual strength/weakness contracts.,true,ACTIVE_NORMALIZED_EDGE
cs-evaluations-weakness-detection,cs-evaluations-strength-weakness-cockpit,HARD_CONTRACT,E4,E6,false,Cockpit mounts in the shell and consumes actual strength/weakness contracts.,true,ACTIVE_NORMALIZED_EDGE
cs-evaluations-information-architecture,cs-evaluations-risk-cost-failure-visuals,SOFT_UI,E6,E6,false,Risk/cost visualizations consume existing analytics risk and cost data; predictive failure stays gated.,true,ACTIVE_NORMALIZED_EDGE
cs-evaluations-cost-model,cs-evaluations-risk-cost-failure-visuals,HARD_CONTRACT,E4,E6,false,Risk/cost visualizations consume existing analytics risk and cost data; predictive failure stays gated.,true,ACTIVE_NORMALIZED_EDGE
cs-evaluations-analytics-summary,cs-evaluations-risk-cost-failure-visuals,HARD_CONTRACT,E4,E6,false,Risk/cost visualizations consume existing analytics risk and cost data; predictive failure stays gated.,true,ACTIVE_NORMALIZED_EDGE
cs-evaluations-data-quality-panel,cs-evaluations-mobile-readiness,TEST_ONLY,E6,E6,false,Responsive acceptance covers every recovered core UI surface.,true,ACTIVE_NORMALIZED_EDGE
cs-evaluations-executive-kpi-strip,cs-evaluations-mobile-readiness,TEST_ONLY,E6,E6,false,Responsive acceptance covers every recovered core UI surface.,true,ACTIVE_NORMALIZED_EDGE
cs-evaluations-strength-weakness-cockpit,cs-evaluations-mobile-readiness,TEST_ONLY,E6,E6,false,Responsive acceptance covers every recovered core UI surface.,true,ACTIVE_NORMALIZED_EDGE
cs-evaluations-grouping-entity-references,cs-evaluations-recommendation-domain,HARD_CONTRACT,E2,E7,false,"Recommendation records require typed targets plus tenant, permission and audit authority.",true,ACTIVE_NORMALIZED_EDGE
cs-evaluations-tenant-isolation,cs-evaluations-recommendation-domain,HARD_SECURITY,E2,E7,false,"Recommendation records require typed targets plus tenant, permission and audit authority.",true,ACTIVE_NORMALIZED_EDGE
cs-evaluations-roles-permissions,cs-evaluations-recommendation-domain,HARD_SECURITY,E5,E7,false,"Recommendation records require typed targets plus tenant, permission and audit authority.",true,ACTIVE_NORMALIZED_EDGE
cs-evaluations-audit-logging,cs-evaluations-recommendation-domain,HARD_SECURITY,E5,E7,false,"Recommendation records require typed targets plus tenant, permission and audit authority.",true,ACTIVE_NORMALIZED_EDGE
cs-evaluations-information-architecture,cs-evaluations-action-center,SOFT_UI,E6,E7,false,Action Center mounts in the recovered EvaluationsPage.,true,ACTIVE_NORMALIZED_EDGE
cs-evaluations-tenant-isolation,cs-evaluations-action-integrations,HARD_SECURITY,E2,E7,false,"Material integrations require UI confirmation, tenant/RBAC checks and durable audit before side effects.",true,ACTIVE_NORMALIZED_EDGE
cs-evaluations-roles-permissions,cs-evaluations-action-integrations,HARD_SECURITY,E5,E7,false,"Material integrations require UI confirmation, tenant/RBAC checks and durable audit before side effects.",true,ACTIVE_NORMALIZED_EDGE
cs-evaluations-audit-logging,cs-evaluations-action-integrations,HARD_SECURITY,E5,E7,false,"Material integrations require UI confirmation, tenant/RBAC checks and durable audit before side effects.",true,ACTIVE_NORMALIZED_EDGE
cs-evaluations-recommendation-domain,cs-evaluations-impact-measurement,HARD_SCHEMA,E7,E7,false,Impact persistence references canonical recommendation state.,true,ACTIVE_NORMALIZED_EDGE
cs-evaluations-analytics-contracts,cs-evaluations-predictive-analytics-architecture,HARD_CONTRACT,E2,E8,false,"Predictive architecture requires canonical analytics, tenant, quality/lineage and audited release authority.",true,ACTIVE_NORMALIZED_EDGE
cs-evaluations-tenant-isolation,cs-evaluations-predictive-analytics-architecture,HARD_SECURITY,E2,E8,false,"Predictive architecture requires canonical analytics, tenant, quality/lineage and audited release authority.",true,ACTIVE_NORMALIZED_EDGE
cs-evaluations-data-quality,cs-evaluations-predictive-analytics-architecture,HARD_CONTRACT,E5,E8,false,"Predictive architecture requires canonical analytics, tenant, quality/lineage and audited release authority.",true,ACTIVE_NORMALIZED_EDGE
cs-evaluations-freshness-lineage,cs-evaluations-predictive-analytics-architecture,HARD_CONTRACT,E5,E8,false,"Predictive architecture requires canonical analytics, tenant, quality/lineage and audited release authority.",true,ACTIVE_NORMALIZED_EDGE
cs-evaluations-audit-logging,cs-evaluations-predictive-analytics-architecture,HARD_SECURITY,E5,E8,false,"Predictive architecture requires canonical analytics, tenant, quality/lineage and audited release authority.",true,ACTIVE_NORMALIZED_EDGE
cs-evaluations-tenant-isolation,cs-evaluations-feature-store,HARD_SECURITY,E2,E8,false,Every feature snapshot is organization scoped.,true,ACTIVE_NORMALIZED_EDGE
cs-evaluations-feature-store,cs-evaluations-maintenance-failure-forecast,HARD_RUNTIME,E8,E8,false,Maintenance/failure forecasts consume point-in-time feature snapshots.,true,ACTIVE_NORMALIZED_EDGE
cs-evaluations-demand-revenue-utilization-forecast,cs-evaluations-backtesting-drift,HARD_RUNTIME,E8,E8,false,Release backtests evaluate demand/revenue/utilization candidates.,true,ACTIVE_NORMALIZED_EDGE
cs-evaluations-roles-permissions,cs-evaluations-forecast-ux,HARD_SECURITY,E5,E9,false,Forecast reads use the central evaluations.forecast.read capability.,true,ACTIVE_NORMALIZED_EDGE
cs-evaluations-information-architecture,cs-evaluations-forecast-ux,SOFT_UI,E6,E9,false,Forecast UI mounts only in the canonical EvaluationsPage.,true,ACTIVE_NORMALIZED_EDGE
