# SUPERSEDED_BY_E6_0 (2026-08-12): component-level salvage classifications refined in phase3-e6-component-salvage-matrix-2026-08.csv; see also phase3-e6-execution-blueprint-2026-08.md
artifact_type,artifact_id,title,branch,sha,state,path,historical_phase,classification,canonical_replacement,reuse_decision,risk,notes
pr,#792,Metric State UX (Prompt 28/54),cursor/evaluations-metric-state-ux-8427,c82e44936217,OPEN,frontend,E6,E6_CANDIDATE,E1 EvaluationsMetricResponse.status,REUSABLE_WITH_ADAPTATION,low,Truthful availability badges/value; already tagged E6 UI in E5 source matrix
pr,#793,Data-Quality panel for admins (Prompt 29/54),cursor/evaluations-data-quality-panel-8427,ff34b66f0074,OPEN,frontend,E6,E6_CANDIDATE,E5 EvaluationsQualityReport,REUSABLE_WITH_ADAPTATION,med,Bind to E5 quality dimensions; must not green-wash UNKNOWN
pr,#794,Auswertungen Information Architecture (Prompt 30/54),cursor/evaluations-information-architecture-8427,14072b3141bb,OPEN,frontend,E6,E6_CANDIDATE,E4 insights summary + E5 quality,REUSABLE_WITH_ADAPTATION,med,CORE 9-section IA; strip section 4 (forecasts=E8/E9) and section 8 (actions=E7); re-point data from E2 summary to E4 insights
pr,#795,Executive KPI Strip (Prompt 31/54),cursor/evaluations-executive-kpi-strip-8427,2759f2235310,OPEN,frontend,E6,E6_CANDIDATE,E3 finance + E4 summary,REUSABLE_WITH_ADAPTATION,low,KPI strip over canonical finance/summary
pr,#796,Strengths/Weaknesses Cockpit (Prompt 32/54),cursor/evaluations-sw-cockpit-8427,cb2ced964d28,OPEN,frontend,E6,E6_CANDIDATE,E4 strengths/weaknesses sections,REUSABLE_WITH_ADAPTATION,low,Render E4 evaluatedDimensions/skippedDimensions honestly
pr,#798,Risk/Cost/Downtime Visualizations (Prompt 33/54),cursor/evaluations-risk-cost-viz-8427,7f6dde4c8c50,OPEN,frontend,E6,E6_CANDIDATE,E4 cost-model,REUSABLE_WITH_ADAPTATION,med,Cost/downtime viz = E6; any forecast/predictive risk = E8/E9 (verify before reuse)
pr,#801,Mobile & Responsive Readiness (Prompt 34/54),cursor/evaluations-mobile-readiness-8427,6434434e750a,OPEN,frontend,E6,E6_CANDIDATE,N/A (cross-cutting UI),CONCEPT_ONLY,low,Design guidance; reimplement on current components
pr,#803,Accessibility & i18n (Prompt 35/54),cursor/evaluations-a11y-i18n-8427,ddad560687ad,OPEN,frontend,E6,E6_CANDIDATE,N/A (cross-cutting UI),REUSABLE_WITH_ADAPTATION,low,i18n keys/patterns; a11y patterns
pr,#818,E2E & visual regression (Prompt 51/54),cursor/evaluations-e2e-visual-8427,MERGED,MERGED,frontend/e2e,E6,E6_OVERLAP,frontend/e2e/evaluations-*.spec.ts,REUSABLE_WITH_ADAPTATION,low,Evaluations E2E specs already present on main; extend for E6 IA
pr,#804,Recommendation domain model (Prompt 36),cursor/evaluations-recommendation-domain-8427,9eae4b1246fc,OPEN,backend,E7,BELONGS_TO_E7,n/a,DO_NOT_IMPLEMENT_IN_E6,contamination,Reserve for E7
pr,#806,Masznahmen-Center / Action Center UI (Prompt 37/54),cursor/evaluations-action-center-8427,723b56660990,OPEN,frontend,E7,BELONGS_TO_E7,n/a,DO_NOT_IMPLEMENT_IN_E6,contamination,Reserve for E7 (actions UI)
pr,#814,Forecast UX (Prompt 45),cursor/evaluations-forecast-ux-8427,46b905ad6a44,OPEN,frontend,E8/E9,BELONGS_TO_E8_E9,n/a,DO_NOT_IMPLEMENT_IN_E6,contamination,Reserve for E8 (predictive) / E9 (forecast UI)
branch,br-792,metric-state-ux,cursor/evaluations-metric-state-ux-8427,c82e44936217,NOT_MERGED,n/a,E6,E6_CANDIDATE,n/a,RETAIN,low,Pre-E1 base; orphaned vs main
branch,br-794,information-architecture,cursor/evaluations-information-architecture-8427,14072b3141bb,NOT_MERGED,n/a,E6,E6_CANDIDATE,n/a,RETAIN,med,Pre-E1 base; orphaned vs main
endpoint,e1-registry,Metric registry,main,a704fdcc,MERGED,GET /api/v1/evaluations-metrics/registry,E1,CANONICAL,self,CONSUME,low,No feature flag
endpoint,e2-summary,Entity-reference analytics summary,main,a704fdcc,MERGED,GET /api/v1/organizations/:orgId/evaluations/analytics/summary,E2,CANONICAL,self,CONSUME_WITH_CARE,low,Entity refs NOT business KPIs; do not confuse with E4 insights summary
endpoint,e3-finance,Financial insights,main,a704fdcc,MERGED,GET /api/v1/organizations/:orgId/evaluations/finance/insights,E3,CANONICAL,self,CONSUME,low,perm invoices:read; station-scoped=UNAVAILABLE
endpoint,e4-insights,Composite analytics insights + granular sections,main,a704fdcc,MERGED,GET /api/v1/organizations/:orgId/evaluations/analytics/insights/{summary|cost-model|utilization|strengths|weaknesses|driver-analysis},E4,CANONICAL,self,CONSUME,med,Behind EVALUATIONS_ANALYTICS_V2_MODE; driver section carries piiTier
endpoint,e5-quality,Data quality report,main,a704fdcc,MERGED,GET /api/v1/organizations/:orgId/evaluations/analytics/insights/quality,E5,CANONICAL,self,CONSUME,med,Behind flag; multi-dimensional; overall.complete structurally false (freshness UNKNOWN)
frontend,fe-financialinsights,FinancialInsightsView (Auswertungen page),main,a704fdcc,MERGED,frontend/src/rental/components/FinancialInsightsView.tsx,E6-partial,PARTIALLY_CONNECTED,E3/E4/E5,EVOLVE,med,Consumes E3 finance + legacy dashboard-insights; not E2/E4/E5 analytics
frontend,fe-cockpit,InsightsCockpit,main,a704fdcc,MERGED,frontend/src/rental/components/insights/InsightsCockpit.tsx,E6-partial,PARTIALLY_CONNECTED,E4,EVOLVE,med,Uses dashboard-insights + misuse-cases; IA #794 removes it from page
frontend,fe-provenance,Client provenance builders (unwired),main,a704fdcc,MERGED,frontend/src/rental/lib/evaluations/evaluations-financial-provenance.ts,E6-prep,PLACEHOLDER,E5 quality lineage,REPLACE_WITH_CANONICAL_CONTRACT,med,Not imported by UI; duplicates E5
frontend,fe-registry,Client registry/calc-version lookup (unwired),main,a704fdcc,MERGED,frontend/src/rental/lib/evaluations/evaluations-metric-registry.ts,E6-prep,PLACEHOLDER,E1 registry endpoint,REPLACE_WITH_CANONICAL_CONTRACT,low,Comment references API; no HTTP client
frontend,fe-legacymath,Legacy client invoice math,main,a704fdcc,MERGED,frontend/src/rental/lib/financial-insights.logic.ts,E6-legacy,LEGACY,E3/E4,REPLACE_WITH_CANONICAL_CONTRACT,med,Client-side detail/chart math; duplicate calculation
frontend,fe-e2e,Evaluations E2E/visual specs,main,a704fdcc,MERGED,frontend/e2e/evaluations-flow.spec.ts;evaluations-a11y.spec.ts;evaluations-visual.spec.ts,E6,REUSABLE_WITH_ADAPTATION,self,EXTEND,low,From #818; extend for E6 IA
doc,doc-boundary,E1-E9 boundary (E6=UI),main,a704fdcc,MERGED,architecture/EVALUATIONS_E4_TENANT_SAFE_ANALYTICS_2026-08-11.md,E6,AUTHORITY,n/a,REFERENCE,low,Defines E6=UI boundary
doc,doc-ia,Historical IA spec (in PR #794),cursor/evaluations-information-architecture-8427,14072b3141bb,OPEN,docs/frontend/evaluations-information-architecture.md,E6,DESIGN_AUTHORITY,n/a,REUSE_DESIGN,med,9-section IA; not on main
