source_pr,source_commit,source_parent,affected_files,original_intent,actual_module,evaluation_relevant,existing_changeset,new_changeset,classification,already_in_main,patch_equivalent,superseded_by,risk,confidence,evidence
734,082464aae4a8eea85350291a0a93f946d712a3cb,9d958453bc8afbc7b80ce7aff5f82598f1f2e970,backend/package.json;backend/prisma/migrations/20260724070000_provider_grant_webhook_idempotency/migration.sql;backend/prisma/schema.prisma;backend/src/modules/data-authorizations/data-authorizations.module.ts;backend/src/modules/data-authorizations/enforcement-coverage-registry/enforcement-coverage-catalog.ts;backend/src/modules/data-authorizations/policy-resolver/policy-resolver.constants.ts;backend/src/modules/data-authorizations/policy-resolver/policy-resolver.engine.spec.ts;backend/src/modules/data-authorizations/policy-resolver/policy-resolver.engine.ts;backend/src/modules/data-authorizations/privacy-domain/provider-access-grant/provider-access-grant.service.ts;backend/src/modules/data-authorizations/provider-grant-consolidation/provider-grant-consolidation.constants.ts;backend/src/modules/data-authorizations/provider-grant-consolidation/provider-grant-consolidation.evaluator.ts;backend/src/modules/data-authorizations/provider-grant-consolidation/provider-grant-consolidation.integration.spec.ts;backend/src/modules/data-authorizations/provider-grant-consolidation/provider-grant-consolidation.service.ts;backend/src/modules/data-authorizations/provider-grant-consolidation/provider-grant-consolidation.types.ts;backend/src/modules/data-authorizations/provider-grant-consolidation/provider-grant-provisioning.service.ts;backend/src/modules/data-authorizations/provider-grant-consolidation/provider-grant-verification.service.ts;backend/src/modules/data-authorizations/revocation-orchestrator/revocation-orchestrator.steps.ts;backend/src/modules/high-mobility/high-mobility-webhook.service.ts;backend/src/modules/vehicles/vehicles.service.ts;docs/architecture/provider-grant-consolidation-2026-07.md;frontend/src/master/components/ArchitekturView.tsx;frontend/src/master/components/ChangesView.tsx,Provider grant consolidation,roles-access,false,cs-roles-access-tenant-and-access-controls,,INHERITED_NO_EVALUATIONS_RELEVANCE,false,false,,CRITICAL,HIGH,feat(data-auth): consolidate ProviderAccessGrant with internal policies (Prompt 26); first-parent path review (22 files); Data Authorization capability inherited through branch ancestry.; git cherry=n/a
749,082464aae4a8eea85350291a0a93f946d712a3cb,9d958453bc8afbc7b80ce7aff5f82598f1f2e970,backend/package.json;backend/prisma/migrations/20260724070000_provider_grant_webhook_idempotency/migration.sql;backend/prisma/schema.prisma;backend/src/modules/data-authorizations/data-authorizations.module.ts;backend/src/modules/data-authorizations/enforcement-coverage-registry/enforcement-coverage-catalog.ts;backend/src/modules/data-authorizations/policy-resolver/policy-resolver.constants.ts;backend/src/modules/data-authorizations/policy-resolver/policy-resolver.engine.spec.ts;backend/src/modules/data-authorizations/policy-resolver/policy-resolver.engine.ts;backend/src/modules/data-authorizations/privacy-domain/provider-access-grant/provider-access-grant.service.ts;backend/src/modules/data-authorizations/provider-grant-consolidation/provider-grant-consolidation.constants.ts;backend/src/modules/data-authorizations/provider-grant-consolidation/provider-grant-consolidation.evaluator.ts;backend/src/modules/data-authorizations/provider-grant-consolidation/provider-grant-consolidation.integration.spec.ts;backend/src/modules/data-authorizations/provider-grant-consolidation/provider-grant-consolidation.service.ts;backend/src/modules/data-authorizations/provider-grant-consolidation/provider-grant-consolidation.types.ts;backend/src/modules/data-authorizations/provider-grant-consolidation/provider-grant-provisioning.service.ts;backend/src/modules/data-authorizations/provider-grant-consolidation/provider-grant-verification.service.ts;backend/src/modules/data-authorizations/revocation-orchestrator/revocation-orchestrator.steps.ts;backend/src/modules/high-mobility/high-mobility-webhook.service.ts;backend/src/modules/vehicles/vehicles.service.ts;docs/architecture/provider-grant-consolidation-2026-07.md;frontend/src/master/components/ArchitekturView.tsx;frontend/src/master/components/ChangesView.tsx,Provider grant consolidation,roles-access,false,cs-roles-access-tenant-and-access-controls,,INHERITED_NO_EVALUATIONS_RELEVANCE,false,false,,CRITICAL,HIGH,feat(data-auth): consolidate ProviderAccessGrant with internal policies (Prompt 26); first-parent path review (22 files); Data Authorization capability inherited through branch ancestry.; git cherry=n/a
753,082464aae4a8eea85350291a0a93f946d712a3cb,9d958453bc8afbc7b80ce7aff5f82598f1f2e970,backend/package.json;backend/prisma/migrations/20260724070000_provider_grant_webhook_idempotency/migration.sql;backend/prisma/schema.prisma;backend/src/modules/data-authorizations/data-authorizations.module.ts;backend/src/modules/data-authorizations/enforcement-coverage-registry/enforcement-coverage-catalog.ts;backend/src/modules/data-authorizations/policy-resolver/policy-resolver.constants.ts;backend/src/modules/data-authorizations/policy-resolver/policy-resolver.engine.spec.ts;backend/src/modules/data-authorizations/policy-resolver/policy-resolver.engine.ts;backend/src/modules/data-authorizations/privacy-domain/provider-access-grant/provider-access-grant.service.ts;backend/src/modules/data-authorizations/provider-grant-consolidation/provider-grant-consolidation.constants.ts;backend/src/modules/data-authorizations/provider-grant-consolidation/provider-grant-consolidation.evaluator.ts;backend/src/modules/data-authorizations/provider-grant-consolidation/provider-grant-consolidation.integration.spec.ts;backend/src/modules/data-authorizations/provider-grant-consolidation/provider-grant-consolidation.service.ts;backend/src/modules/data-authorizations/provider-grant-consolidation/provider-grant-consolidation.types.ts;backend/src/modules/data-authorizations/provider-grant-consolidation/provider-grant-provisioning.service.ts;backend/src/modules/data-authorizations/provider-grant-consolidation/provider-grant-verification.service.ts;backend/src/modules/data-authorizations/revocation-orchestrator/revocation-orchestrator.steps.ts;backend/src/modules/high-mobility/high-mobility-webhook.service.ts;backend/src/modules/vehicles/vehicles.service.ts;docs/architecture/provider-grant-consolidation-2026-07.md;frontend/src/master/components/ArchitekturView.tsx;frontend/src/master/components/ChangesView.tsx,Provider grant consolidation,roles-access,false,cs-roles-access-tenant-and-access-controls,,INHERITED_NO_EVALUATIONS_RELEVANCE,false,false,,CRITICAL,HIGH,feat(data-auth): consolidate ProviderAccessGrant with internal policies (Prompt 26); first-parent path review (22 files); Data Authorization capability inherited through branch ancestry.; git cherry=n/a
866,14eb5aa433fe2b0c231476a251c478e596ba6c2b,e3fe1513e6931e58f30b41138bba37ea694146a1,backend/src/modules/workflows/conditions/index.ts;backend/src/modules/workflows/conditions/workflow-condition-engine.spec.ts;backend/src/modules/workflows/conditions/workflow-condition-engine.ts;backend/src/modules/workflows/conditions/workflow-condition-field-registry.ts;backend/src/modules/workflows/conditions/workflow-condition-normalizer.ts;backend/src/modules/workflows/conditions/workflow-condition-operators.ts;backend/src/modules/workflows/conditions/workflow-condition-path-resolver.ts;backend/src/modules/workflows/conditions/workflow-condition.types.ts;backend/src/modules/workflows/runtime/workflow-run-orchestrator.repository.ts;backend/src/modules/workflows/runtime/workflow-run-orchestrator.service.ts;backend/src/modules/workflows/workflow-condition.evaluator.ts;backend/src/modules/workflows/workflow-engine.service.ts;backend/src/modules/workflows/workflows.service.spec.ts;docs/architecture/workflow-condition-engine-2026-07.md;frontend/src/master/components/ArchitekturView.tsx;frontend/src/master/components/ChangesView.tsx,Typed workflow condition engine,workflow-automation,false,cs-workflow-automation-api-and-domain-contracts,,INHERITED_NO_EVALUATIONS_RELEVANCE,false,false,,HIGH,HIGH,feat(workflows): strictly typed condition engine (Phase 6 Prompt 25); first-parent path review (16 files); Workflow condition domain; no evaluations-owned path.; git cherry=n/a
870,14eb5aa433fe2b0c231476a251c478e596ba6c2b,e3fe1513e6931e58f30b41138bba37ea694146a1,backend/src/modules/workflows/conditions/index.ts;backend/src/modules/workflows/conditions/workflow-condition-engine.spec.ts;backend/src/modules/workflows/conditions/workflow-condition-engine.ts;backend/src/modules/workflows/conditions/workflow-condition-field-registry.ts;backend/src/modules/workflows/conditions/workflow-condition-normalizer.ts;backend/src/modules/workflows/conditions/workflow-condition-operators.ts;backend/src/modules/workflows/conditions/workflow-condition-path-resolver.ts;backend/src/modules/workflows/conditions/workflow-condition.types.ts;backend/src/modules/workflows/runtime/workflow-run-orchestrator.repository.ts;backend/src/modules/workflows/runtime/workflow-run-orchestrator.service.ts;backend/src/modules/workflows/workflow-condition.evaluator.ts;backend/src/modules/workflows/workflow-engine.service.ts;backend/src/modules/workflows/workflows.service.spec.ts;docs/architecture/workflow-condition-engine-2026-07.md;frontend/src/master/components/ArchitekturView.tsx;frontend/src/master/components/ChangesView.tsx,Typed workflow condition engine,workflow-automation,false,cs-workflow-automation-api-and-domain-contracts,,INHERITED_NO_EVALUATIONS_RELEVANCE,false,false,,HIGH,HIGH,feat(workflows): strictly typed condition engine (Phase 6 Prompt 25); first-parent path review (16 files); Workflow condition domain; no evaluations-owned path.; git cherry=n/a
314,198c8e22e090ce337fdcb72545070d917082f2e4,76a6d686b1f508f134f0f29f3d79694c76313c45,backend/src/modules/vehicle-intelligence/trips/trip-analytics-canonical.service.ts;backend/src/modules/vehicle-intelligence/trips/trip-assessment-reason-category.spec.ts;backend/src/modules/vehicle-intelligence/trips/trip-assessment-reason-category.ts;backend/src/modules/vehicle-intelligence/trips/trip-assessment.builder.ts;backend/src/modules/vehicle-intelligence/trips/trip-assessment.service.spec.ts;backend/src/modules/vehicle-intelligence/trips/trip-assessment.service.ts;backend/src/modules/vehicle-intelligence/trips/trip-assessment.types.ts;frontend/src/lib/api.ts;frontend/src/master/components/ArchitekturView.tsx;frontend/src/master/components/ChangesView.tsx;frontend/src/rental/components/trips/behavior-ui.utils.ts;frontend/src/rental/components/trips/trip-assessment-reason-copy.test.ts;frontend/src/rental/components/trips/trip-assessment-reason-copy.ts;frontend/src/rental/components/trips/trip-assessment-ui-semantics.test.ts,Driving-assessment reason categories,trips,false,cs-trips-vehicle-intelligence,,INHERITED_NO_EVALUATIONS_RELEVANCE,false,false,,HIGH,HIGH,feat(driving-intelligence): add PRUEFHINWEIS reason categories (P6); first-parent path review (14 files); Driving Intelligence/trip assessment capability.; git cherry=n/a
315,198c8e22e090ce337fdcb72545070d917082f2e4,76a6d686b1f508f134f0f29f3d79694c76313c45,backend/src/modules/vehicle-intelligence/trips/trip-analytics-canonical.service.ts;backend/src/modules/vehicle-intelligence/trips/trip-assessment-reason-category.spec.ts;backend/src/modules/vehicle-intelligence/trips/trip-assessment-reason-category.ts;backend/src/modules/vehicle-intelligence/trips/trip-assessment.builder.ts;backend/src/modules/vehicle-intelligence/trips/trip-assessment.service.spec.ts;backend/src/modules/vehicle-intelligence/trips/trip-assessment.service.ts;backend/src/modules/vehicle-intelligence/trips/trip-assessment.types.ts;frontend/src/lib/api.ts;frontend/src/master/components/ArchitekturView.tsx;frontend/src/master/components/ChangesView.tsx;frontend/src/rental/components/trips/behavior-ui.utils.ts;frontend/src/rental/components/trips/trip-assessment-reason-copy.test.ts;frontend/src/rental/components/trips/trip-assessment-reason-copy.ts;frontend/src/rental/components/trips/trip-assessment-ui-semantics.test.ts,Driving-assessment reason categories,trips,false,cs-trips-vehicle-intelligence,,INHERITED_NO_EVALUATIONS_RELEVANCE,false,false,,HIGH,HIGH,feat(driving-intelligence): add PRUEFHINWEIS reason categories (P6); first-parent path review (14 files); Driving Intelligence/trip assessment capability.; git cherry=n/a
316,198c8e22e090ce337fdcb72545070d917082f2e4,76a6d686b1f508f134f0f29f3d79694c76313c45,backend/src/modules/vehicle-intelligence/trips/trip-analytics-canonical.service.ts;backend/src/modules/vehicle-intelligence/trips/trip-assessment-reason-category.spec.ts;backend/src/modules/vehicle-intelligence/trips/trip-assessment-reason-category.ts;backend/src/modules/vehicle-intelligence/trips/trip-assessment.builder.ts;backend/src/modules/vehicle-intelligence/trips/trip-assessment.service.spec.ts;backend/src/modules/vehicle-intelligence/trips/trip-assessment.service.ts;backend/src/modules/vehicle-intelligence/trips/trip-assessment.types.ts;frontend/src/lib/api.ts;frontend/src/master/components/ArchitekturView.tsx;frontend/src/master/components/ChangesView.tsx;frontend/src/rental/components/trips/behavior-ui.utils.ts;frontend/src/rental/components/trips/trip-assessment-reason-copy.test.ts;frontend/src/rental/components/trips/trip-assessment-reason-copy.ts;frontend/src/rental/components/trips/trip-assessment-ui-semantics.test.ts,Driving-assessment reason categories,trips,false,cs-trips-vehicle-intelligence,,INHERITED_NO_EVALUATIONS_RELEVANCE,false,false,,HIGH,HIGH,feat(driving-intelligence): add PRUEFHINWEIS reason categories (P6); first-parent path review (14 files); Driving Intelligence/trip assessment capability.; git cherry=n/a
317,198c8e22e090ce337fdcb72545070d917082f2e4,76a6d686b1f508f134f0f29f3d79694c76313c45,backend/src/modules/vehicle-intelligence/trips/trip-analytics-canonical.service.ts;backend/src/modules/vehicle-intelligence/trips/trip-assessment-reason-category.spec.ts;backend/src/modules/vehicle-intelligence/trips/trip-assessment-reason-category.ts;backend/src/modules/vehicle-intelligence/trips/trip-assessment.builder.ts;backend/src/modules/vehicle-intelligence/trips/trip-assessment.service.spec.ts;backend/src/modules/vehicle-intelligence/trips/trip-assessment.service.ts;backend/src/modules/vehicle-intelligence/trips/trip-assessment.types.ts;frontend/src/lib/api.ts;frontend/src/master/components/ArchitekturView.tsx;frontend/src/master/components/ChangesView.tsx;frontend/src/rental/components/trips/behavior-ui.utils.ts;frontend/src/rental/components/trips/trip-assessment-reason-copy.test.ts;frontend/src/rental/components/trips/trip-assessment-reason-copy.ts;frontend/src/rental/components/trips/trip-assessment-ui-semantics.test.ts,Driving-assessment reason categories,trips,false,cs-trips-vehicle-intelligence,,INHERITED_NO_EVALUATIONS_RELEVANCE,false,false,,HIGH,HIGH,feat(driving-intelligence): add PRUEFHINWEIS reason categories (P6); first-parent path review (14 files); Driving Intelligence/trip assessment capability.; git cherry=n/a
318,198c8e22e090ce337fdcb72545070d917082f2e4,76a6d686b1f508f134f0f29f3d79694c76313c45,backend/src/modules/vehicle-intelligence/trips/trip-analytics-canonical.service.ts;backend/src/modules/vehicle-intelligence/trips/trip-assessment-reason-category.spec.ts;backend/src/modules/vehicle-intelligence/trips/trip-assessment-reason-category.ts;backend/src/modules/vehicle-intelligence/trips/trip-assessment.builder.ts;backend/src/modules/vehicle-intelligence/trips/trip-assessment.service.spec.ts;backend/src/modules/vehicle-intelligence/trips/trip-assessment.service.ts;backend/src/modules/vehicle-intelligence/trips/trip-assessment.types.ts;frontend/src/lib/api.ts;frontend/src/master/components/ArchitekturView.tsx;frontend/src/master/components/ChangesView.tsx;frontend/src/rental/components/trips/behavior-ui.utils.ts;frontend/src/rental/components/trips/trip-assessment-reason-copy.test.ts;frontend/src/rental/components/trips/trip-assessment-reason-copy.ts;frontend/src/rental/components/trips/trip-assessment-ui-semantics.test.ts,Driving-assessment reason categories,trips,false,cs-trips-vehicle-intelligence,,INHERITED_NO_EVALUATIONS_RELEVANCE,false,false,,HIGH,HIGH,feat(driving-intelligence): add PRUEFHINWEIS reason categories (P6); first-parent path review (14 files); Driving Intelligence/trip assessment capability.; git cherry=n/a
91,1b3d814ee0ee1b7ec06ef88927df21efaba2639a,6c02da4e57fd3adeb89ee36f0d2ae01a6521758e,architecture/WAYPOINTS_ACTIVITY_WINDOWS_2026-07-08.md;backend/.env.example;backend/src/modules/clickhouse/clickhouse-activity-windows.service.ts;backend/src/modules/clickhouse/clickhouse-activity-windows.types.ts;backend/src/modules/clickhouse/clickhouse-analytics.service.ts;backend/src/modules/clickhouse/clickhouse-waypoints.service.ts;backend/src/modules/clickhouse/clickhouse-waypoints.types.ts;backend/src/modules/clickhouse/clickhouse.module.ts;backend/src/modules/clickhouse/migrations/006_waypoints_activity_windows_producer.sql;backend/src/modules/data-analyse/data-analyse-producer-status.spec.ts;backend/src/modules/data-analyse/data-analyse.service.ts;backend/src/modules/data-analyse/data-analyse.types.ts;backend/src/modules/data-analyse/data-analyse.utils.ts;backend/src/modules/vehicle-intelligence/trips/activity-window-derive.spec.ts;backend/src/modules/vehicle-intelligence/trips/activity-window-derive.ts;backend/src/modules/vehicle-intelligence/trips/activity-window-producer.service.spec.ts;backend/src/modules/vehicle-intelligence/trips/activity-window-producer.service.ts;backend/src/modules/vehicle-intelligence/trips/trip-behavior-enrichment.service.ts;backend/src/modules/vehicle-intelligence/trips/trip-ch-evidence-mirror.coordinator.ts;backend/src/modules/vehicle-intelligence/trips/trip-detection-orchestration.service.ts;backend/src/modules/vehicle-intelligence/trips/waypoint-downsample.spec.ts;backend/src/modules/vehicle-intelligence/trips/waypoint-downsample.ts;backend/src/modules/vehicle-intelligence/trips/waypoint-mirror.service.spec.ts;backend/src/modules/vehicle-intelligence/trips/waypoint-mirror.service.ts;backend/src/modules/vehicle-intelligence/vehicle-intelligence.module.ts;frontend/src/master/components/ArchitekturView.tsx;frontend/src/master/components/ChangesView.tsx,ClickHouse waypoint and activity-window producers,trips,false,cs-trips-runtime-jobs-and-queues,,INHERITED_NO_EVALUATIONS_RELEVANCE,false,false,,HIGH,HIGH,"feat(ch): post-trip waypoint and activity window producers (V4.9.263); first-parent path review (27 files); Trip evidence producer and Data Analyse consumer, not Evaluations.; git cherry=n/a"
509,3a8004c9aa8ec3c66cc3f336f446054f2f3ab93c,548cce543e240a4373b9d72b5d9b822fdc878734,backend/prisma/migrations/20260718170000_station_rule_manual_overrides/migration.sql;backend/prisma/schema.prisma;backend/src/modules/stations/dto/evaluate-station-booking-rules.dto.ts;backend/src/modules/stations/dto/plan-vehicle-station-transfer.dto.ts;backend/src/modules/stations/guards/stations-override-rules-permission.guard.ts;backend/src/modules/stations/station-booking-rules.integration.spec.ts;backend/src/modules/stations/station-booking-rules.service.spec.ts;backend/src/modules/stations/station-booking-rules.service.ts;backend/src/modules/stations/station-rule-manual-override.integration.spec.ts;backend/src/modules/stations/station-rule-manual-override.service.ts;backend/src/modules/stations/stations-v2-override-authz.spec.ts;backend/src/modules/stations/stations.controller.ts;backend/src/modules/stations/stations.module.ts;backend/src/modules/stations/vehicle-station-transfer.integration.spec.ts;backend/src/modules/stations/vehicle-station-transfer.service.ts;backend/src/modules/stations/vehicle-station-transfer.types.ts;backend/src/modules/stations/vehicle-station-transfer.util.spec.ts;backend/src/modules/stations/vehicle-station-transfer.util.ts;backend/src/shared/auth/stations-v2-permission.constants.ts;backend/src/shared/auth/stations-v2-permission.util.spec.ts;backend/src/shared/auth/stations-v2-role-permissions.ts;backend/src/shared/stations/station-booking-pickup-rules.spec.ts;backend/src/shared/stations/station-booking-pickup-rules.ts;backend/src/shared/stations/station-booking-return-rules.spec.ts;backend/src/shared/stations/station-booking-return-rules.ts;backend/src/shared/stations/station-booking-rules-manual-override.ts;backend/src/shared/stations/station-booking-rules.contract.ts;backend/src/shared/stations/station-booking-rules.resolver.spec.ts;backend/src/shared/stations/station-booking-rules.resolver.ts;backend/src/shared/stations/station-capacity-rules.simulation.spec.ts;backend/src/shared/stations/station-rule-manual-override.contract.ts;backend/src/shared/stations/station-rule-manual-override.policy.spec.ts;backend/src/shared/stations/station-rule-manual-override.policy.ts;frontend/src/lib/stations-v2-permissions.ts;frontend/src/master/components/ArchitekturView.tsx;frontend/src/master/components/ChangesView.tsx,Station booking-rule manual override,bookings,false,cs-bookings-stations,,INHERITED_NO_EVALUATIONS_RELEVANCE,false,false,,CRITICAL,HIGH,feat(stations): audited manual override for WARNING and MANUAL_CONFIRMATION; first-parent path review (36 files); Stations/booking rules capability.; git cherry=n/a
549,3a8004c9aa8ec3c66cc3f336f446054f2f3ab93c,548cce543e240a4373b9d72b5d9b822fdc878734,backend/prisma/migrations/20260718170000_station_rule_manual_overrides/migration.sql;backend/prisma/schema.prisma;backend/src/modules/stations/dto/evaluate-station-booking-rules.dto.ts;backend/src/modules/stations/dto/plan-vehicle-station-transfer.dto.ts;backend/src/modules/stations/guards/stations-override-rules-permission.guard.ts;backend/src/modules/stations/station-booking-rules.integration.spec.ts;backend/src/modules/stations/station-booking-rules.service.spec.ts;backend/src/modules/stations/station-booking-rules.service.ts;backend/src/modules/stations/station-rule-manual-override.integration.spec.ts;backend/src/modules/stations/station-rule-manual-override.service.ts;backend/src/modules/stations/stations-v2-override-authz.spec.ts;backend/src/modules/stations/stations.controller.ts;backend/src/modules/stations/stations.module.ts;backend/src/modules/stations/vehicle-station-transfer.integration.spec.ts;backend/src/modules/stations/vehicle-station-transfer.service.ts;backend/src/modules/stations/vehicle-station-transfer.types.ts;backend/src/modules/stations/vehicle-station-transfer.util.spec.ts;backend/src/modules/stations/vehicle-station-transfer.util.ts;backend/src/shared/auth/stations-v2-permission.constants.ts;backend/src/shared/auth/stations-v2-permission.util.spec.ts;backend/src/shared/auth/stations-v2-role-permissions.ts;backend/src/shared/stations/station-booking-pickup-rules.spec.ts;backend/src/shared/stations/station-booking-pickup-rules.ts;backend/src/shared/stations/station-booking-return-rules.spec.ts;backend/src/shared/stations/station-booking-return-rules.ts;backend/src/shared/stations/station-booking-rules-manual-override.ts;backend/src/shared/stations/station-booking-rules.contract.ts;backend/src/shared/stations/station-booking-rules.resolver.spec.ts;backend/src/shared/stations/station-booking-rules.resolver.ts;backend/src/shared/stations/station-capacity-rules.simulation.spec.ts;backend/src/shared/stations/station-rule-manual-override.contract.ts;backend/src/shared/stations/station-rule-manual-override.policy.spec.ts;backend/src/shared/stations/station-rule-manual-override.policy.ts;frontend/src/lib/stations-v2-permissions.ts;frontend/src/master/components/ArchitekturView.tsx;frontend/src/master/components/ChangesView.tsx,Station booking-rule manual override,bookings,false,cs-bookings-stations,,INHERITED_NO_EVALUATIONS_RELEVANCE,false,false,,CRITICAL,HIGH,feat(stations): audited manual override for WARNING and MANUAL_CONFIRMATION; first-parent path review (36 files); Stations/booking rules capability.; git cherry=n/a
396,55b8ac4dd743084b6fb17f35772d71e54adf4887,6486d87ea74ff2e7802fe24e4d3d0df18180e4a5,backend/scripts/audit/document-intake-test-matrix-dry-run.ts;backend/src/modules/document-extraction/document-action-planner.engine.ts;backend/src/modules/document-extraction/document-action-planner.requirements.ts;backend/src/modules/document-extraction/document-extraction-metadata.service.ts;backend/src/modules/document-extraction/document-required-field.evaluator.ts;backend/src/modules/document-extraction/document-required-field.registry.public.ts;backend/src/modules/document-extraction/document-required-field.registry.spec.ts;backend/src/modules/document-extraction/document-required-field.registry.ts;backend/src/modules/document-extraction/document-required-field.registry.types.ts;backend/src/modules/document-extraction/document-required-field.resolver.ts;backend/src/modules/document-extraction/dto/document-extraction-metadata.dto.ts;backend/src/modules/document-extraction/dto/document-required-field-registry.dto.ts;backend/test/document-extraction.e2e-spec.ts;docs/architecture/document-intake-v2-prisma-plan.md;frontend/src/master/components/ArchitekturView.tsx;frontend/src/master/components/ChangesView.tsx,Document Intake required-field registry,documents,false,cs-documents-document-extraction,,INHERITED_NO_EVALUATIONS_RELEVANCE,false,false,,HIGH,HIGH,feat(document-intake): add versioned required-field registry; first-parent path review (16 files); Document Intake planner capability.; git cherry=n/a
397,55b8ac4dd743084b6fb17f35772d71e54adf4887,6486d87ea74ff2e7802fe24e4d3d0df18180e4a5,backend/scripts/audit/document-intake-test-matrix-dry-run.ts;backend/src/modules/document-extraction/document-action-planner.engine.ts;backend/src/modules/document-extraction/document-action-planner.requirements.ts;backend/src/modules/document-extraction/document-extraction-metadata.service.ts;backend/src/modules/document-extraction/document-required-field.evaluator.ts;backend/src/modules/document-extraction/document-required-field.registry.public.ts;backend/src/modules/document-extraction/document-required-field.registry.spec.ts;backend/src/modules/document-extraction/document-required-field.registry.ts;backend/src/modules/document-extraction/document-required-field.registry.types.ts;backend/src/modules/document-extraction/document-required-field.resolver.ts;backend/src/modules/document-extraction/dto/document-extraction-metadata.dto.ts;backend/src/modules/document-extraction/dto/document-required-field-registry.dto.ts;backend/test/document-extraction.e2e-spec.ts;docs/architecture/document-intake-v2-prisma-plan.md;frontend/src/master/components/ArchitekturView.tsx;frontend/src/master/components/ChangesView.tsx,Document Intake required-field registry,documents,false,cs-documents-document-extraction,,INHERITED_NO_EVALUATIONS_RELEVANCE,false,false,,HIGH,HIGH,feat(document-intake): add versioned required-field registry; first-parent path review (16 files); Document Intake planner capability.; git cherry=n/a
801,6434434e750ad6890db6c6ff5f7c6f3e9d3ee36c,304a6ed19da12e30bde4ed8e78f9784e0984eb49,frontend/e2e/e2e/artifacts/evaluations/evaluations-page-desktop-1280.png;frontend/e2e/e2e/artifacts/evaluations/evaluations-page-mobile-375.png,Historical screenshot artifact path correction,evaluations-testing,false,,,OBSOLETE,false,false,PR #818 current visual-test artifact convention,LOW,HIGH,chore(e2e): fix evaluations screenshot artifact path; first-parent path review (2 files); Binary artifact move only; policy forbids recovering volatile historical screenshots.; git cherry=n/a
803,6434434e750ad6890db6c6ff5f7c6f3e9d3ee36c,304a6ed19da12e30bde4ed8e78f9784e0984eb49,frontend/e2e/e2e/artifacts/evaluations/evaluations-page-desktop-1280.png;frontend/e2e/e2e/artifacts/evaluations/evaluations-page-mobile-375.png,Historical screenshot artifact path correction,evaluations-testing,false,,,OBSOLETE,false,false,PR #818 current visual-test artifact convention,LOW,HIGH,chore(e2e): fix evaluations screenshot artifact path; first-parent path review (2 files); Binary artifact move only; policy forbids recovering volatile historical screenshots.; git cherry=n/a
806,6434434e750ad6890db6c6ff5f7c6f3e9d3ee36c,304a6ed19da12e30bde4ed8e78f9784e0984eb49,frontend/e2e/e2e/artifacts/evaluations/evaluations-page-desktop-1280.png;frontend/e2e/e2e/artifacts/evaluations/evaluations-page-mobile-375.png,Historical screenshot artifact path correction,evaluations-testing,false,,,OBSOLETE,false,false,PR #818 current visual-test artifact convention,LOW,HIGH,chore(e2e): fix evaluations screenshot artifact path; first-parent path review (2 files); Binary artifact move only; policy forbids recovering volatile historical screenshots.; git cherry=n/a
807,6434434e750ad6890db6c6ff5f7c6f3e9d3ee36c,304a6ed19da12e30bde4ed8e78f9784e0984eb49,frontend/e2e/e2e/artifacts/evaluations/evaluations-page-desktop-1280.png;frontend/e2e/e2e/artifacts/evaluations/evaluations-page-mobile-375.png,Historical screenshot artifact path correction,evaluations-testing,false,,,OBSOLETE,false,false,PR #818 current visual-test artifact convention,LOW,HIGH,chore(e2e): fix evaluations screenshot artifact path; first-parent path review (2 files); Binary artifact move only; policy forbids recovering volatile historical screenshots.; git cherry=n/a
806,723b566609908ff40d621e30efb8c95cff3f17c3,364bd93733e30c6a98ea579f1707b8a73be2ecd8,frontend/e2e/evaluations-fixtures.ts,Historical evaluations fixture artifact-path correction,evaluations-testing,false,cs-evaluations-action-center,,SUPERSEDED,false,false,PR #818 merged evaluations fixtures,LOW,HIGH,fix(e2e): correct docs artifact path for evaluations screenshots; first-parent path review (1 files); Path-only fixture correction is replaced by the current baseline convention.; git cherry=n/a
807,723b566609908ff40d621e30efb8c95cff3f17c3,364bd93733e30c6a98ea579f1707b8a73be2ecd8,frontend/e2e/evaluations-fixtures.ts,Historical evaluations fixture artifact-path correction,evaluations-testing,false,cs-evaluations-action-center,,SUPERSEDED,false,false,PR #818 merged evaluations fixtures,LOW,HIGH,fix(e2e): correct docs artifact path for evaluations screenshots; first-parent path review (1 files); Path-only fixture correction is replaced by the current baseline convention.; git cherry=n/a
506,72ce3ba52ff18c27f0d5a884271c322171c215c6,073488ad392a3945f988bde166d9d1b5402a3c99,backend/src/modules/stations/dto/evaluate-station-booking-rules.dto.ts;backend/src/modules/stations/dto/index.ts;backend/src/modules/stations/station-booking-rules.integration.spec.ts;backend/src/modules/stations/station-booking-rules.service.spec.ts;backend/src/modules/stations/station-booking-rules.service.ts;backend/src/modules/stations/stations.controller.ts;backend/src/shared/stations/station-booking-evaluated-instant.util.spec.ts;backend/src/shared/stations/station-booking-evaluated-instant.util.ts;backend/src/shared/stations/station-booking-pickup-rules.ts;backend/src/shared/stations/station-booking-return-rules.ts;backend/src/shared/stations/station-booking-rules.contract.ts;backend/src/shared/stations/station-booking-rules.resolver.spec.ts;frontend/src/master/components/ArchitekturView.tsx;frontend/src/master/components/ChangesView.tsx,Station calendar/timezone booking rules,bookings,false,cs-bookings-stations,,INHERITED_NO_EVALUATIONS_RELEVANCE,false,false,,HIGH,HIGH,"feat(stations): wire opening calendar and timezone into booking rules; first-parent path review (14 files); Station booking-rule authority, unrelated to evaluations periods.; git cherry=n/a"
549,72ce3ba52ff18c27f0d5a884271c322171c215c6,073488ad392a3945f988bde166d9d1b5402a3c99,backend/src/modules/stations/dto/evaluate-station-booking-rules.dto.ts;backend/src/modules/stations/dto/index.ts;backend/src/modules/stations/station-booking-rules.integration.spec.ts;backend/src/modules/stations/station-booking-rules.service.spec.ts;backend/src/modules/stations/station-booking-rules.service.ts;backend/src/modules/stations/stations.controller.ts;backend/src/shared/stations/station-booking-evaluated-instant.util.spec.ts;backend/src/shared/stations/station-booking-evaluated-instant.util.ts;backend/src/shared/stations/station-booking-pickup-rules.ts;backend/src/shared/stations/station-booking-return-rules.ts;backend/src/shared/stations/station-booking-rules.contract.ts;backend/src/shared/stations/station-booking-rules.resolver.spec.ts;frontend/src/master/components/ArchitekturView.tsx;frontend/src/master/components/ChangesView.tsx,Station calendar/timezone booking rules,bookings,false,cs-bookings-stations,,INHERITED_NO_EVALUATIONS_RELEVANCE,false,false,,HIGH,HIGH,"feat(stations): wire opening calendar and timezone into booking rules; first-parent path review (14 files); Station booking-rule authority, unrelated to evaluations periods.; git cherry=n/a"
313,76a6d686b1f508f134f0f29f3d79694c76313c45,59b0e9e10656f48f69eab0966230221954271379,backend/src/modules/customers/customers.service.ts;backend/src/modules/vehicle-intelligence/trips/trip-analytics-canonical.service.ts;backend/src/modules/vehicle-intelligence/trips/trip-api.mapper.ts;backend/src/modules/vehicle-intelligence/trips/trip-assessment.service.spec.ts;backend/src/modules/vehicle-intelligence/trips/trip-assessment.service.ts;backend/src/modules/vehicle-intelligence/trips/trip-assessment.types.ts;backend/src/modules/vehicle-intelligence/trips/trips.service.ts;frontend/src/lib/api.ts;frontend/src/master/components/ArchitekturView.tsx;frontend/src/master/components/ChangesView.tsx;frontend/src/rental/components/VehicleStressPanel.tsx;frontend/src/rental/components/customer-detail/CustomerDrivingTab.tsx;frontend/src/rental/components/trips/behavior-rating.test.ts;frontend/src/rental/components/trips/behavior-ui.utils.ts;frontend/src/rental/components/trips/trip-assessment-copy.test.ts;frontend/src/rental/i18n/translations/de.ts;frontend/src/rental/i18n/translations/en.ts;frontend/src/rental/lib/scoreFormat.ts,Separate vehicle load from driver conduct,trips,false,cs-trips-vehicle-intelligence,,INHERITED_NO_EVALUATIONS_RELEVANCE,false,false,,HIGH,HIGH,"feat(driving-intelligence): separate vehicle load from driver conduct (P5); first-parent path review (18 files); Driving Intelligence semantics, not the evaluations driver-analysis capability.; git cherry=n/a"
314,76a6d686b1f508f134f0f29f3d79694c76313c45,59b0e9e10656f48f69eab0966230221954271379,backend/src/modules/customers/customers.service.ts;backend/src/modules/vehicle-intelligence/trips/trip-analytics-canonical.service.ts;backend/src/modules/vehicle-intelligence/trips/trip-api.mapper.ts;backend/src/modules/vehicle-intelligence/trips/trip-assessment.service.spec.ts;backend/src/modules/vehicle-intelligence/trips/trip-assessment.service.ts;backend/src/modules/vehicle-intelligence/trips/trip-assessment.types.ts;backend/src/modules/vehicle-intelligence/trips/trips.service.ts;frontend/src/lib/api.ts;frontend/src/master/components/ArchitekturView.tsx;frontend/src/master/components/ChangesView.tsx;frontend/src/rental/components/VehicleStressPanel.tsx;frontend/src/rental/components/customer-detail/CustomerDrivingTab.tsx;frontend/src/rental/components/trips/behavior-rating.test.ts;frontend/src/rental/components/trips/behavior-ui.utils.ts;frontend/src/rental/components/trips/trip-assessment-copy.test.ts;frontend/src/rental/i18n/translations/de.ts;frontend/src/rental/i18n/translations/en.ts;frontend/src/rental/lib/scoreFormat.ts,Separate vehicle load from driver conduct,trips,false,cs-trips-vehicle-intelligence,,INHERITED_NO_EVALUATIONS_RELEVANCE,false,false,,HIGH,HIGH,"feat(driving-intelligence): separate vehicle load from driver conduct (P5); first-parent path review (18 files); Driving Intelligence semantics, not the evaluations driver-analysis capability.; git cherry=n/a"
315,76a6d686b1f508f134f0f29f3d79694c76313c45,59b0e9e10656f48f69eab0966230221954271379,backend/src/modules/customers/customers.service.ts;backend/src/modules/vehicle-intelligence/trips/trip-analytics-canonical.service.ts;backend/src/modules/vehicle-intelligence/trips/trip-api.mapper.ts;backend/src/modules/vehicle-intelligence/trips/trip-assessment.service.spec.ts;backend/src/modules/vehicle-intelligence/trips/trip-assessment.service.ts;backend/src/modules/vehicle-intelligence/trips/trip-assessment.types.ts;backend/src/modules/vehicle-intelligence/trips/trips.service.ts;frontend/src/lib/api.ts;frontend/src/master/components/ArchitekturView.tsx;frontend/src/master/components/ChangesView.tsx;frontend/src/rental/components/VehicleStressPanel.tsx;frontend/src/rental/components/customer-detail/CustomerDrivingTab.tsx;frontend/src/rental/components/trips/behavior-rating.test.ts;frontend/src/rental/components/trips/behavior-ui.utils.ts;frontend/src/rental/components/trips/trip-assessment-copy.test.ts;frontend/src/rental/i18n/translations/de.ts;frontend/src/rental/i18n/translations/en.ts;frontend/src/rental/lib/scoreFormat.ts,Separate vehicle load from driver conduct,trips,false,cs-trips-vehicle-intelligence,,INHERITED_NO_EVALUATIONS_RELEVANCE,false,false,,HIGH,HIGH,"feat(driving-intelligence): separate vehicle load from driver conduct (P5); first-parent path review (18 files); Driving Intelligence semantics, not the evaluations driver-analysis capability.; git cherry=n/a"
316,76a6d686b1f508f134f0f29f3d79694c76313c45,59b0e9e10656f48f69eab0966230221954271379,backend/src/modules/customers/customers.service.ts;backend/src/modules/vehicle-intelligence/trips/trip-analytics-canonical.service.ts;backend/src/modules/vehicle-intelligence/trips/trip-api.mapper.ts;backend/src/modules/vehicle-intelligence/trips/trip-assessment.service.spec.ts;backend/src/modules/vehicle-intelligence/trips/trip-assessment.service.ts;backend/src/modules/vehicle-intelligence/trips/trip-assessment.types.ts;backend/src/modules/vehicle-intelligence/trips/trips.service.ts;frontend/src/lib/api.ts;frontend/src/master/components/ArchitekturView.tsx;frontend/src/master/components/ChangesView.tsx;frontend/src/rental/components/VehicleStressPanel.tsx;frontend/src/rental/components/customer-detail/CustomerDrivingTab.tsx;frontend/src/rental/components/trips/behavior-rating.test.ts;frontend/src/rental/components/trips/behavior-ui.utils.ts;frontend/src/rental/components/trips/trip-assessment-copy.test.ts;frontend/src/rental/i18n/translations/de.ts;frontend/src/rental/i18n/translations/en.ts;frontend/src/rental/lib/scoreFormat.ts,Separate vehicle load from driver conduct,trips,false,cs-trips-vehicle-intelligence,,INHERITED_NO_EVALUATIONS_RELEVANCE,false,false,,HIGH,HIGH,"feat(driving-intelligence): separate vehicle load from driver conduct (P5); first-parent path review (18 files); Driving Intelligence semantics, not the evaluations driver-analysis capability.; git cherry=n/a"
317,76a6d686b1f508f134f0f29f3d79694c76313c45,59b0e9e10656f48f69eab0966230221954271379,backend/src/modules/customers/customers.service.ts;backend/src/modules/vehicle-intelligence/trips/trip-analytics-canonical.service.ts;backend/src/modules/vehicle-intelligence/trips/trip-api.mapper.ts;backend/src/modules/vehicle-intelligence/trips/trip-assessment.service.spec.ts;backend/src/modules/vehicle-intelligence/trips/trip-assessment.service.ts;backend/src/modules/vehicle-intelligence/trips/trip-assessment.types.ts;backend/src/modules/vehicle-intelligence/trips/trips.service.ts;frontend/src/lib/api.ts;frontend/src/master/components/ArchitekturView.tsx;frontend/src/master/components/ChangesView.tsx;frontend/src/rental/components/VehicleStressPanel.tsx;frontend/src/rental/components/customer-detail/CustomerDrivingTab.tsx;frontend/src/rental/components/trips/behavior-rating.test.ts;frontend/src/rental/components/trips/behavior-ui.utils.ts;frontend/src/rental/components/trips/trip-assessment-copy.test.ts;frontend/src/rental/i18n/translations/de.ts;frontend/src/rental/i18n/translations/en.ts;frontend/src/rental/lib/scoreFormat.ts,Separate vehicle load from driver conduct,trips,false,cs-trips-vehicle-intelligence,,INHERITED_NO_EVALUATIONS_RELEVANCE,false,false,,HIGH,HIGH,"feat(driving-intelligence): separate vehicle load from driver conduct (P5); first-parent path review (18 files); Driving Intelligence semantics, not the evaluations driver-analysis capability.; git cherry=n/a"
318,76a6d686b1f508f134f0f29f3d79694c76313c45,59b0e9e10656f48f69eab0966230221954271379,backend/src/modules/customers/customers.service.ts;backend/src/modules/vehicle-intelligence/trips/trip-analytics-canonical.service.ts;backend/src/modules/vehicle-intelligence/trips/trip-api.mapper.ts;backend/src/modules/vehicle-intelligence/trips/trip-assessment.service.spec.ts;backend/src/modules/vehicle-intelligence/trips/trip-assessment.service.ts;backend/src/modules/vehicle-intelligence/trips/trip-assessment.types.ts;backend/src/modules/vehicle-intelligence/trips/trips.service.ts;frontend/src/lib/api.ts;frontend/src/master/components/ArchitekturView.tsx;frontend/src/master/components/ChangesView.tsx;frontend/src/rental/components/VehicleStressPanel.tsx;frontend/src/rental/components/customer-detail/CustomerDrivingTab.tsx;frontend/src/rental/components/trips/behavior-rating.test.ts;frontend/src/rental/components/trips/behavior-ui.utils.ts;frontend/src/rental/components/trips/trip-assessment-copy.test.ts;frontend/src/rental/i18n/translations/de.ts;frontend/src/rental/i18n/translations/en.ts;frontend/src/rental/lib/scoreFormat.ts,Separate vehicle load from driver conduct,trips,false,cs-trips-vehicle-intelligence,,INHERITED_NO_EVALUATIONS_RELEVANCE,false,false,,HIGH,HIGH,"feat(driving-intelligence): separate vehicle load from driver conduct (P5); first-parent path review (18 files); Driving Intelligence semantics, not the evaluations driver-analysis capability.; git cherry=n/a"
318,77e7a8e5a5a9c684f9b27a74718fbe48959c02ad,5383068a99334e9ea725505bee48b3aec28cedb9,backend/src/modules/bookings/bookings.service.ts;backend/src/modules/business-insights/detectors/return-needs-inspection.detector.spec.ts;backend/src/modules/business-insights/detectors/return-needs-inspection.detector.ts;backend/src/modules/rental-driving-analysis/rental-driving-analysis.service.ts;backend/src/modules/vehicle-intelligence/driving-impact/legacy-score-mirror.spec.ts;backend/src/modules/vehicle-intelligence/driving-impact/legacy-score-mirror.ts;backend/src/modules/vehicle-intelligence/health-summary/health-summary.service.spec.ts;backend/src/modules/vehicle-intelligence/health-summary/health-summary.service.ts;backend/src/modules/vehicle-intelligence/trips/trip-analytics-canonical.service.spec.ts;backend/src/modules/vehicle-intelligence/trips/trip-analytics-canonical.service.ts;backend/src/modules/vehicle-intelligence/trips/trip-api.mapper.ts;frontend/src/master/components/ArchitekturView.tsx;frontend/src/master/components/ChangesView.tsx;frontend/src/rental/components/RentalStressAnalysisCard.tsx;frontend/src/rental/lib/scoreFormat.test.ts;frontend/src/rental/lib/scoreFormat.ts,Deprecate legacy driving-score readers,trips,false,cs-trips-vehicle-intelligence,,INHERITED_NO_EVALUATIONS_RELEVANCE,false,false,,HIGH,HIGH,feat(driving-intelligence-v2): deprecate legacy score readers (P10); first-parent path review (16 files); Cross-module consumer migration owned by Driving Intelligence.; git cherry=n/a
827,8718daad62262893034264f248d239ee621b8181,9c02947e27a477402a2e3b774ab0d001c6fc8206,backend/src/modules/workflows/dto/workflow.dto.ts;backend/src/modules/workflows/workflow-action-executor.service.ts;backend/src/modules/workflows/workflow-action-preview.service.ts;backend/src/modules/workflows/workflow-definition.validator.ts;backend/src/modules/workflows/workflow-dry-run.service.spec.ts;backend/src/modules/workflows/workflow-dry-run.service.ts;backend/src/modules/workflows/workflow-engine.service.ts;backend/src/modules/workflows/workflow-entity-refs.util.ts;backend/src/modules/workflows/workflow-event.service.ts;backend/src/modules/workflows/workflow-scope.evaluator.spec.ts;backend/src/modules/workflows/workflow-scope.evaluator.ts;backend/src/modules/workflows/workflow-tenant-guard.service.spec.ts;backend/src/modules/workflows/workflow-tenant-guard.service.ts;backend/src/modules/workflows/workflow.constants.ts;backend/src/modules/workflows/workflows-tenant-isolation.service.spec.ts;backend/src/modules/workflows/workflows.module.ts;backend/src/modules/workflows/workflows.service.spec.ts;backend/src/modules/workflows/workflows.service.ts;docs/security/workflow-automation-tenant-isolation-2026-07.md;frontend/src/master/components/ArchitekturView.tsx;frontend/src/master/components/ChangesView.tsx,Workflow tenant/scope fail-closed enforcement,workflow-automation,false,cs-workflow-automation-tenant-and-access-controls,,INHERITED_NO_EVALUATIONS_RELEVANCE,false,false,,CRITICAL,HIGH,fix(workflows): fail-closed tenant isolation and scope enforcement; first-parent path review (21 files); Workflow execution authorization capability.; git cherry=n/a
828,8718daad62262893034264f248d239ee621b8181,9c02947e27a477402a2e3b774ab0d001c6fc8206,backend/src/modules/workflows/dto/workflow.dto.ts;backend/src/modules/workflows/workflow-action-executor.service.ts;backend/src/modules/workflows/workflow-action-preview.service.ts;backend/src/modules/workflows/workflow-definition.validator.ts;backend/src/modules/workflows/workflow-dry-run.service.spec.ts;backend/src/modules/workflows/workflow-dry-run.service.ts;backend/src/modules/workflows/workflow-engine.service.ts;backend/src/modules/workflows/workflow-entity-refs.util.ts;backend/src/modules/workflows/workflow-event.service.ts;backend/src/modules/workflows/workflow-scope.evaluator.spec.ts;backend/src/modules/workflows/workflow-scope.evaluator.ts;backend/src/modules/workflows/workflow-tenant-guard.service.spec.ts;backend/src/modules/workflows/workflow-tenant-guard.service.ts;backend/src/modules/workflows/workflow.constants.ts;backend/src/modules/workflows/workflows-tenant-isolation.service.spec.ts;backend/src/modules/workflows/workflows.module.ts;backend/src/modules/workflows/workflows.service.spec.ts;backend/src/modules/workflows/workflows.service.ts;docs/security/workflow-automation-tenant-isolation-2026-07.md;frontend/src/master/components/ArchitekturView.tsx;frontend/src/master/components/ChangesView.tsx,Workflow tenant/scope fail-closed enforcement,workflow-automation,false,cs-workflow-automation-tenant-and-access-controls,,INHERITED_NO_EVALUATIONS_RELEVANCE,false,false,,CRITICAL,HIGH,fix(workflows): fail-closed tenant isolation and scope enforcement; first-parent path review (21 files); Workflow execution authorization capability.; git cherry=n/a
527,9302bd8ba34c206f1c4bc53de8380f7e4e30fe57,0d950f0837f7b02934d239d00c45f3727638b3df,architecture/VOICE_AI_AUTOMATION_ANALYTICS_SETTINGS_2026-07-18.md;frontend/src/lib/api.ts;frontend/src/master/components/ChangesView.tsx;frontend/src/rental/components/VoiceAssistantView.tsx;frontend/src/rental/components/voice-assistant/VoiceAnalyticsView.tsx;frontend/src/rental/components/voice-assistant/VoiceAutomationsPanel.tsx;frontend/src/rental/components/voice-assistant/VoiceBudgetSettingsPanel.tsx;frontend/src/rental/components/voice-assistant/VoiceDiagnosticsPanel.tsx;frontend/src/rental/components/voice-assistant/VoicePrivacySettingsPanel.tsx;frontend/src/rental/components/voice-assistant/VoiceSettingsPanel.tsx;frontend/src/rental/components/voice-assistant/VoiceUsageAnalyticsPanel.tsx;frontend/src/rental/components/voice-assistant/voice-analytics.ops.test.ts;frontend/src/rental/components/voice-assistant/voice-analytics.ops.ts;frontend/src/rental/components/voice-assistant/voice-assistant-ui.characterization.test.ts;frontend/src/rental/components/voice-assistant/voice-automation.catalog.ts;frontend/src/rental/components/voice-assistant/voice-automation.ops.test.ts;frontend/src/rental/components/voice-assistant/voice-automation.ops.ts;frontend/src/rental/components/voice-assistant/voice-privacy.ops.test.ts;frontend/src/rental/components/voice-assistant/voice-privacy.ops.ts;frontend/src/rental/i18n/translations/de.ts;frontend/src/rental/i18n/translations/en.ts,Voice automation analytics/settings UI,voice-ai,false,cs-voice-ai-operational-ui,,INHERITED_NO_EVALUATIONS_RELEVANCE,false,false,,HIGH,HIGH,"feat(voice-ui): add voice automation analytics and settings; first-parent path review (21 files); Voice Assistant module analytics, not Auswertungen.; git cherry=n/a"
535,9302bd8ba34c206f1c4bc53de8380f7e4e30fe57,0d950f0837f7b02934d239d00c45f3727638b3df,architecture/VOICE_AI_AUTOMATION_ANALYTICS_SETTINGS_2026-07-18.md;frontend/src/lib/api.ts;frontend/src/master/components/ChangesView.tsx;frontend/src/rental/components/VoiceAssistantView.tsx;frontend/src/rental/components/voice-assistant/VoiceAnalyticsView.tsx;frontend/src/rental/components/voice-assistant/VoiceAutomationsPanel.tsx;frontend/src/rental/components/voice-assistant/VoiceBudgetSettingsPanel.tsx;frontend/src/rental/components/voice-assistant/VoiceDiagnosticsPanel.tsx;frontend/src/rental/components/voice-assistant/VoicePrivacySettingsPanel.tsx;frontend/src/rental/components/voice-assistant/VoiceSettingsPanel.tsx;frontend/src/rental/components/voice-assistant/VoiceUsageAnalyticsPanel.tsx;frontend/src/rental/components/voice-assistant/voice-analytics.ops.test.ts;frontend/src/rental/components/voice-assistant/voice-analytics.ops.ts;frontend/src/rental/components/voice-assistant/voice-assistant-ui.characterization.test.ts;frontend/src/rental/components/voice-assistant/voice-automation.catalog.ts;frontend/src/rental/components/voice-assistant/voice-automation.ops.test.ts;frontend/src/rental/components/voice-assistant/voice-automation.ops.ts;frontend/src/rental/components/voice-assistant/voice-privacy.ops.test.ts;frontend/src/rental/components/voice-assistant/voice-privacy.ops.ts;frontend/src/rental/i18n/translations/de.ts;frontend/src/rental/i18n/translations/en.ts,Voice automation analytics/settings UI,voice-ai,false,cs-voice-ai-operational-ui,,INHERITED_NO_EVALUATIONS_RELEVANCE,false,false,,HIGH,HIGH,"feat(voice-ui): add voice automation analytics and settings; first-parent path review (21 files); Voice Assistant module analytics, not Auswertungen.; git cherry=n/a"
538,9302bd8ba34c206f1c4bc53de8380f7e4e30fe57,0d950f0837f7b02934d239d00c45f3727638b3df,architecture/VOICE_AI_AUTOMATION_ANALYTICS_SETTINGS_2026-07-18.md;frontend/src/lib/api.ts;frontend/src/master/components/ChangesView.tsx;frontend/src/rental/components/VoiceAssistantView.tsx;frontend/src/rental/components/voice-assistant/VoiceAnalyticsView.tsx;frontend/src/rental/components/voice-assistant/VoiceAutomationsPanel.tsx;frontend/src/rental/components/voice-assistant/VoiceBudgetSettingsPanel.tsx;frontend/src/rental/components/voice-assistant/VoiceDiagnosticsPanel.tsx;frontend/src/rental/components/voice-assistant/VoicePrivacySettingsPanel.tsx;frontend/src/rental/components/voice-assistant/VoiceSettingsPanel.tsx;frontend/src/rental/components/voice-assistant/VoiceUsageAnalyticsPanel.tsx;frontend/src/rental/components/voice-assistant/voice-analytics.ops.test.ts;frontend/src/rental/components/voice-assistant/voice-analytics.ops.ts;frontend/src/rental/components/voice-assistant/voice-assistant-ui.characterization.test.ts;frontend/src/rental/components/voice-assistant/voice-automation.catalog.ts;frontend/src/rental/components/voice-assistant/voice-automation.ops.test.ts;frontend/src/rental/components/voice-assistant/voice-automation.ops.ts;frontend/src/rental/components/voice-assistant/voice-privacy.ops.test.ts;frontend/src/rental/components/voice-assistant/voice-privacy.ops.ts;frontend/src/rental/i18n/translations/de.ts;frontend/src/rental/i18n/translations/en.ts,Voice automation analytics/settings UI,voice-ai,false,cs-voice-ai-operational-ui,,INHERITED_NO_EVALUATIONS_RELEVANCE,false,false,,HIGH,HIGH,"feat(voice-ui): add voice automation analytics and settings; first-parent path review (21 files); Voice Assistant module analytics, not Auswertungen.; git cherry=n/a"
554,9302bd8ba34c206f1c4bc53de8380f7e4e30fe57,0d950f0837f7b02934d239d00c45f3727638b3df,architecture/VOICE_AI_AUTOMATION_ANALYTICS_SETTINGS_2026-07-18.md;frontend/src/lib/api.ts;frontend/src/master/components/ChangesView.tsx;frontend/src/rental/components/VoiceAssistantView.tsx;frontend/src/rental/components/voice-assistant/VoiceAnalyticsView.tsx;frontend/src/rental/components/voice-assistant/VoiceAutomationsPanel.tsx;frontend/src/rental/components/voice-assistant/VoiceBudgetSettingsPanel.tsx;frontend/src/rental/components/voice-assistant/VoiceDiagnosticsPanel.tsx;frontend/src/rental/components/voice-assistant/VoicePrivacySettingsPanel.tsx;frontend/src/rental/components/voice-assistant/VoiceSettingsPanel.tsx;frontend/src/rental/components/voice-assistant/VoiceUsageAnalyticsPanel.tsx;frontend/src/rental/components/voice-assistant/voice-analytics.ops.test.ts;frontend/src/rental/components/voice-assistant/voice-analytics.ops.ts;frontend/src/rental/components/voice-assistant/voice-assistant-ui.characterization.test.ts;frontend/src/rental/components/voice-assistant/voice-automation.catalog.ts;frontend/src/rental/components/voice-assistant/voice-automation.ops.test.ts;frontend/src/rental/components/voice-assistant/voice-automation.ops.ts;frontend/src/rental/components/voice-assistant/voice-privacy.ops.test.ts;frontend/src/rental/components/voice-assistant/voice-privacy.ops.ts;frontend/src/rental/i18n/translations/de.ts;frontend/src/rental/i18n/translations/en.ts,Voice automation analytics/settings UI,voice-ai,false,cs-voice-ai-operational-ui,,INHERITED_NO_EVALUATIONS_RELEVANCE,false,false,,HIGH,HIGH,"feat(voice-ui): add voice automation analytics and settings; first-parent path review (21 files); Voice Assistant module analytics, not Auswertungen.; git cherry=n/a"
826,9c02947e27a477402a2e3b774ab0d001c6fc8206,1de96fd1d07971926f66bdadffa88dc165e30ae4,backend/src/modules/workflows/workflow-action-executor.service.ts;backend/src/modules/workflows/workflow-action-preview.service.ts;backend/src/modules/workflows/workflow-action-risk.ts;backend/src/modules/workflows/workflow-dry-run.service.spec.ts;backend/src/modules/workflows/workflow-dry-run.service.ts;backend/src/modules/workflows/workflow-engine.service.ts;backend/src/modules/workflows/workflow-execution-mode.ts;backend/src/modules/workflows/workflow-execution-plan.types.ts;backend/src/modules/workflows/workflow-preview.util.spec.ts;backend/src/modules/workflows/workflow-preview.util.ts;backend/src/modules/workflows/workflow-scope.evaluator.ts;backend/src/modules/workflows/workflows.controller.ts;backend/src/modules/workflows/workflows.module.ts;backend/src/modules/workflows/workflows.service.ts;docs/architecture/WORKFLOW_DRY_RUN_2026-07.md;frontend/src/lib/api.ts;frontend/src/master/components/ArchitekturView.tsx;frontend/src/master/components/ChangesView.tsx;frontend/src/rental/components/WorkflowAutomationView.tsx;frontend/src/rental/components/workflow-automation/task-automation.integration.test.ts,Workflow dry-run execution plans,workflow-automation,false,cs-workflow-automation-runtime-jobs-and-queues,,INHERITED_NO_EVALUATIONS_RELEVANCE,false,false,,HIGH,HIGH,feat(workflows): add DRY_RUN execution plan mode for test/simulate; first-parent path review (20 files); Workflow runtime simulation capability.; git cherry=n/a
827,9c02947e27a477402a2e3b774ab0d001c6fc8206,1de96fd1d07971926f66bdadffa88dc165e30ae4,backend/src/modules/workflows/workflow-action-executor.service.ts;backend/src/modules/workflows/workflow-action-preview.service.ts;backend/src/modules/workflows/workflow-action-risk.ts;backend/src/modules/workflows/workflow-dry-run.service.spec.ts;backend/src/modules/workflows/workflow-dry-run.service.ts;backend/src/modules/workflows/workflow-engine.service.ts;backend/src/modules/workflows/workflow-execution-mode.ts;backend/src/modules/workflows/workflow-execution-plan.types.ts;backend/src/modules/workflows/workflow-preview.util.spec.ts;backend/src/modules/workflows/workflow-preview.util.ts;backend/src/modules/workflows/workflow-scope.evaluator.ts;backend/src/modules/workflows/workflows.controller.ts;backend/src/modules/workflows/workflows.module.ts;backend/src/modules/workflows/workflows.service.ts;docs/architecture/WORKFLOW_DRY_RUN_2026-07.md;frontend/src/lib/api.ts;frontend/src/master/components/ArchitekturView.tsx;frontend/src/master/components/ChangesView.tsx;frontend/src/rental/components/WorkflowAutomationView.tsx;frontend/src/rental/components/workflow-automation/task-automation.integration.test.ts,Workflow dry-run execution plans,workflow-automation,false,cs-workflow-automation-runtime-jobs-and-queues,,INHERITED_NO_EVALUATIONS_RELEVANCE,false,false,,HIGH,HIGH,feat(workflows): add DRY_RUN execution plan mode for test/simulate; first-parent path review (20 files); Workflow runtime simulation capability.; git cherry=n/a
828,9c02947e27a477402a2e3b774ab0d001c6fc8206,1de96fd1d07971926f66bdadffa88dc165e30ae4,backend/src/modules/workflows/workflow-action-executor.service.ts;backend/src/modules/workflows/workflow-action-preview.service.ts;backend/src/modules/workflows/workflow-action-risk.ts;backend/src/modules/workflows/workflow-dry-run.service.spec.ts;backend/src/modules/workflows/workflow-dry-run.service.ts;backend/src/modules/workflows/workflow-engine.service.ts;backend/src/modules/workflows/workflow-execution-mode.ts;backend/src/modules/workflows/workflow-execution-plan.types.ts;backend/src/modules/workflows/workflow-preview.util.spec.ts;backend/src/modules/workflows/workflow-preview.util.ts;backend/src/modules/workflows/workflow-scope.evaluator.ts;backend/src/modules/workflows/workflows.controller.ts;backend/src/modules/workflows/workflows.module.ts;backend/src/modules/workflows/workflows.service.ts;docs/architecture/WORKFLOW_DRY_RUN_2026-07.md;frontend/src/lib/api.ts;frontend/src/master/components/ArchitekturView.tsx;frontend/src/master/components/ChangesView.tsx;frontend/src/rental/components/WorkflowAutomationView.tsx;frontend/src/rental/components/workflow-automation/task-automation.integration.test.ts,Workflow dry-run execution plans,workflow-automation,false,cs-workflow-automation-runtime-jobs-and-queues,,INHERITED_NO_EVALUATIONS_RELEVANCE,false,false,,HIGH,HIGH,feat(workflows): add DRY_RUN execution plan mode for test/simulate; first-parent path review (20 files); Workflow runtime simulation capability.; git cherry=n/a
732,9d958453bc8afbc7b80ce7aff5f82598f1f2e970,566065f066ca1aba3d3fa9f97bca23cebe9d3a4d,backend/package.json;backend/prisma/migrations/20260724060000_data_authorization_deny_switch/migration.sql;backend/prisma/schema.prisma;backend/src/modules/data-authorizations/authorization-decision-engine/authorization-decision.constants.ts;backend/src/modules/data-authorizations/authorization-decision-engine/authorization-decision.service.ts;backend/src/modules/data-authorizations/data-authorizations.module.ts;backend/src/modules/data-authorizations/deny-switch/deny-switch.constants.ts;backend/src/modules/data-authorizations/deny-switch/deny-switch.controller.ts;backend/src/modules/data-authorizations/deny-switch/deny-switch.evaluator.spec.ts;backend/src/modules/data-authorizations/deny-switch/deny-switch.evaluator.ts;backend/src/modules/data-authorizations/deny-switch/deny-switch.local-store.ts;backend/src/modules/data-authorizations/deny-switch/deny-switch.metrics.ts;backend/src/modules/data-authorizations/deny-switch/deny-switch.propagation.service.ts;backend/src/modules/data-authorizations/deny-switch/deny-switch.repository.ts;backend/src/modules/data-authorizations/deny-switch/deny-switch.service.spec.ts;backend/src/modules/data-authorizations/deny-switch/deny-switch.service.ts;backend/src/modules/data-authorizations/deny-switch/deny-switch.startup.service.ts;backend/src/modules/data-authorizations/deny-switch/deny-switch.types.ts;backend/src/modules/data-authorizations/enforcement-coverage-registry/enforcement-coverage-catalog.ts;backend/src/modules/data-authorizations/enforcement-coverage-registry/enforcement-coverage-ci.spec.ts;backend/src/modules/data-authorizations/privacy-domain/policy-lifecycle/enforcement-policy-lifecycle.service.ts;backend/src/modules/data-authorizations/privacy-domain/policy-lifecycle/processing-activity-lifecycle.service.ts;backend/src/modules/data-authorizations/privacy-domain/review-workflow/data-processing-permission.constants.ts;backend/src/modules/data-authorizations/revocation-orchestrator/revocation-orchestrator.steps.ts;docs/architecture/deny-switch-2026-07.md;docs/audits/data/data-authorization-enforcement-coverage-baseline-2026-07.csv;docs/plans/data-authorization-production-remediation-plan-2026-07.md;frontend/src/master/components/ArchitekturView.tsx;frontend/src/master/components/ChangesView.tsx,Data Authorization deny switch,roles-access,false,cs-roles-access-tenant-and-access-controls,,INHERITED_NO_EVALUATIONS_RELEVANCE,false,false,,CRITICAL,HIGH,feat(data-auth): fail-closed deny switch with Redis propagation (Prompt 25); first-parent path review (29 files); Cross-cutting data authorization control.; git cherry=n/a
749,9d958453bc8afbc7b80ce7aff5f82598f1f2e970,566065f066ca1aba3d3fa9f97bca23cebe9d3a4d,backend/package.json;backend/prisma/migrations/20260724060000_data_authorization_deny_switch/migration.sql;backend/prisma/schema.prisma;backend/src/modules/data-authorizations/authorization-decision-engine/authorization-decision.constants.ts;backend/src/modules/data-authorizations/authorization-decision-engine/authorization-decision.service.ts;backend/src/modules/data-authorizations/data-authorizations.module.ts;backend/src/modules/data-authorizations/deny-switch/deny-switch.constants.ts;backend/src/modules/data-authorizations/deny-switch/deny-switch.controller.ts;backend/src/modules/data-authorizations/deny-switch/deny-switch.evaluator.spec.ts;backend/src/modules/data-authorizations/deny-switch/deny-switch.evaluator.ts;backend/src/modules/data-authorizations/deny-switch/deny-switch.local-store.ts;backend/src/modules/data-authorizations/deny-switch/deny-switch.metrics.ts;backend/src/modules/data-authorizations/deny-switch/deny-switch.propagation.service.ts;backend/src/modules/data-authorizations/deny-switch/deny-switch.repository.ts;backend/src/modules/data-authorizations/deny-switch/deny-switch.service.spec.ts;backend/src/modules/data-authorizations/deny-switch/deny-switch.service.ts;backend/src/modules/data-authorizations/deny-switch/deny-switch.startup.service.ts;backend/src/modules/data-authorizations/deny-switch/deny-switch.types.ts;backend/src/modules/data-authorizations/enforcement-coverage-registry/enforcement-coverage-catalog.ts;backend/src/modules/data-authorizations/enforcement-coverage-registry/enforcement-coverage-ci.spec.ts;backend/src/modules/data-authorizations/privacy-domain/policy-lifecycle/enforcement-policy-lifecycle.service.ts;backend/src/modules/data-authorizations/privacy-domain/policy-lifecycle/processing-activity-lifecycle.service.ts;backend/src/modules/data-authorizations/privacy-domain/review-workflow/data-processing-permission.constants.ts;backend/src/modules/data-authorizations/revocation-orchestrator/revocation-orchestrator.steps.ts;docs/architecture/deny-switch-2026-07.md;docs/audits/data/data-authorization-enforcement-coverage-baseline-2026-07.csv;docs/plans/data-authorization-production-remediation-plan-2026-07.md;frontend/src/master/components/ArchitekturView.tsx;frontend/src/master/components/ChangesView.tsx,Data Authorization deny switch,roles-access,false,cs-roles-access-tenant-and-access-controls,,INHERITED_NO_EVALUATIONS_RELEVANCE,false,false,,CRITICAL,HIGH,feat(data-auth): fail-closed deny switch with Redis propagation (Prompt 25); first-parent path review (29 files); Cross-cutting data authorization control.; git cherry=n/a
753,9d958453bc8afbc7b80ce7aff5f82598f1f2e970,566065f066ca1aba3d3fa9f97bca23cebe9d3a4d,backend/package.json;backend/prisma/migrations/20260724060000_data_authorization_deny_switch/migration.sql;backend/prisma/schema.prisma;backend/src/modules/data-authorizations/authorization-decision-engine/authorization-decision.constants.ts;backend/src/modules/data-authorizations/authorization-decision-engine/authorization-decision.service.ts;backend/src/modules/data-authorizations/data-authorizations.module.ts;backend/src/modules/data-authorizations/deny-switch/deny-switch.constants.ts;backend/src/modules/data-authorizations/deny-switch/deny-switch.controller.ts;backend/src/modules/data-authorizations/deny-switch/deny-switch.evaluator.spec.ts;backend/src/modules/data-authorizations/deny-switch/deny-switch.evaluator.ts;backend/src/modules/data-authorizations/deny-switch/deny-switch.local-store.ts;backend/src/modules/data-authorizations/deny-switch/deny-switch.metrics.ts;backend/src/modules/data-authorizations/deny-switch/deny-switch.propagation.service.ts;backend/src/modules/data-authorizations/deny-switch/deny-switch.repository.ts;backend/src/modules/data-authorizations/deny-switch/deny-switch.service.spec.ts;backend/src/modules/data-authorizations/deny-switch/deny-switch.service.ts;backend/src/modules/data-authorizations/deny-switch/deny-switch.startup.service.ts;backend/src/modules/data-authorizations/deny-switch/deny-switch.types.ts;backend/src/modules/data-authorizations/enforcement-coverage-registry/enforcement-coverage-catalog.ts;backend/src/modules/data-authorizations/enforcement-coverage-registry/enforcement-coverage-ci.spec.ts;backend/src/modules/data-authorizations/privacy-domain/policy-lifecycle/enforcement-policy-lifecycle.service.ts;backend/src/modules/data-authorizations/privacy-domain/policy-lifecycle/processing-activity-lifecycle.service.ts;backend/src/modules/data-authorizations/privacy-domain/review-workflow/data-processing-permission.constants.ts;backend/src/modules/data-authorizations/revocation-orchestrator/revocation-orchestrator.steps.ts;docs/architecture/deny-switch-2026-07.md;docs/audits/data/data-authorization-enforcement-coverage-baseline-2026-07.csv;docs/plans/data-authorization-production-remediation-plan-2026-07.md;frontend/src/master/components/ArchitekturView.tsx;frontend/src/master/components/ChangesView.tsx,Data Authorization deny switch,roles-access,false,cs-roles-access-tenant-and-access-controls,,INHERITED_NO_EVALUATIONS_RELEVANCE,false,false,,CRITICAL,HIGH,feat(data-auth): fail-closed deny switch with Redis propagation (Prompt 25); first-parent path review (29 files); Cross-cutting data authorization control.; git cherry=n/a
867,d571a8491eb3cf15af7e24762cb90ac0e4a71424,14eb5aa433fe2b0c231476a251c478e596ba6c2b,backend/prisma/migrations/20260726260000_workflow_condition_not_operator/migration.sql;backend/prisma/schema.prisma;backend/src/modules/workflows/conditions/index.ts;backend/src/modules/workflows/conditions/workflow-condition-clause.evaluator.ts;backend/src/modules/workflows/conditions/workflow-condition-engine.ts;backend/src/modules/workflows/conditions/workflow-condition-field-registry.ts;backend/src/modules/workflows/conditions/workflow-condition-legacy.migrator.ts;backend/src/modules/workflows/conditions/workflow-condition-normalizer.ts;backend/src/modules/workflows/conditions/workflow-condition-prisma.mapper.ts;backend/src/modules/workflows/conditions/workflow-condition-tree.engine.ts;backend/src/modules/workflows/conditions/workflow-condition-tree.spec.ts;backend/src/modules/workflows/conditions/workflow-condition-tree.validator.ts;backend/src/modules/workflows/conditions/workflow-condition.config.ts;backend/src/modules/workflows/conditions/workflow-condition.types.ts;backend/src/modules/workflows/dto/workflow.dto.ts;backend/src/modules/workflows/runtime/workflow-run-orchestrator.repository.ts;docs/architecture/workflow-condition-engine-2026-07.md;frontend/src/master/components/ArchitekturView.tsx;frontend/src/master/components/ChangesView.tsx;frontend/src/types/workflow-conditions.ts,Nested ALL/ANY/NOT workflow conditions,workflow-automation,false,cs-workflow-automation-database-and-data-model,,INHERITED_NO_EVALUATIONS_RELEVANCE,false,false,,CRITICAL,HIGH,feat(workflows): nested condition tree engine with ALL/ANY/NOT groups; first-parent path review (20 files); Workflow schema and condition engine.; git cherry=n/a
870,d571a8491eb3cf15af7e24762cb90ac0e4a71424,14eb5aa433fe2b0c231476a251c478e596ba6c2b,backend/prisma/migrations/20260726260000_workflow_condition_not_operator/migration.sql;backend/prisma/schema.prisma;backend/src/modules/workflows/conditions/index.ts;backend/src/modules/workflows/conditions/workflow-condition-clause.evaluator.ts;backend/src/modules/workflows/conditions/workflow-condition-engine.ts;backend/src/modules/workflows/conditions/workflow-condition-field-registry.ts;backend/src/modules/workflows/conditions/workflow-condition-legacy.migrator.ts;backend/src/modules/workflows/conditions/workflow-condition-normalizer.ts;backend/src/modules/workflows/conditions/workflow-condition-prisma.mapper.ts;backend/src/modules/workflows/conditions/workflow-condition-tree.engine.ts;backend/src/modules/workflows/conditions/workflow-condition-tree.spec.ts;backend/src/modules/workflows/conditions/workflow-condition-tree.validator.ts;backend/src/modules/workflows/conditions/workflow-condition.config.ts;backend/src/modules/workflows/conditions/workflow-condition.types.ts;backend/src/modules/workflows/dto/workflow.dto.ts;backend/src/modules/workflows/runtime/workflow-run-orchestrator.repository.ts;docs/architecture/workflow-condition-engine-2026-07.md;frontend/src/master/components/ArchitekturView.tsx;frontend/src/master/components/ChangesView.tsx;frontend/src/types/workflow-conditions.ts,Nested ALL/ANY/NOT workflow conditions,workflow-automation,false,cs-workflow-automation-database-and-data-model,,INHERITED_NO_EVALUATIONS_RELEVANCE,false,false,,CRITICAL,HIGH,feat(workflows): nested condition tree engine with ALL/ANY/NOT groups; first-parent path review (20 files); Workflow schema and condition engine.; git cherry=n/a
868,f69bfbe65bda93235bfbaf7b38a895adca4c1382,d571a8491eb3cf15af7e24762cb90ac0e4a71424,backend/prisma/migrations/20260726270000_workflow_condition_operators/migration.sql;backend/prisma/schema.prisma;backend/src/modules/workflows/conditions/index.ts;backend/src/modules/workflows/conditions/workflow-condition-clause.evaluator.ts;backend/src/modules/workflows/conditions/workflow-condition-operators.spec.ts;backend/src/modules/workflows/conditions/workflow-condition-operators.ts;backend/src/modules/workflows/conditions/workflow-condition-temporal.ts;backend/src/modules/workflows/conditions/workflow-condition.types.ts;docs/architecture/workflow-condition-engine-2026-07.md;frontend/src/master/components/ArchitekturView.tsx;frontend/src/master/components/ChangesView.tsx,Workflow condition operator matrix,workflow-automation,false,cs-workflow-automation-database-and-data-model,,INHERITED_NO_EVALUATIONS_RELEVANCE,false,false,,CRITICAL,HIGH,feat(workflows): extend condition engine operator matrix (Phase 6 Prompt 27); first-parent path review (11 files); Workflow schema/operator expansion.; git cherry=n/a
870,f69bfbe65bda93235bfbaf7b38a895adca4c1382,d571a8491eb3cf15af7e24762cb90ac0e4a71424,backend/prisma/migrations/20260726270000_workflow_condition_operators/migration.sql;backend/prisma/schema.prisma;backend/src/modules/workflows/conditions/index.ts;backend/src/modules/workflows/conditions/workflow-condition-clause.evaluator.ts;backend/src/modules/workflows/conditions/workflow-condition-operators.spec.ts;backend/src/modules/workflows/conditions/workflow-condition-operators.ts;backend/src/modules/workflows/conditions/workflow-condition-temporal.ts;backend/src/modules/workflows/conditions/workflow-condition.types.ts;docs/architecture/workflow-condition-engine-2026-07.md;frontend/src/master/components/ArchitekturView.tsx;frontend/src/master/components/ChangesView.tsx,Workflow condition operator matrix,workflow-automation,false,cs-workflow-automation-database-and-data-model,,INHERITED_NO_EVALUATIONS_RELEVANCE,false,false,,CRITICAL,HIGH,feat(workflows): extend condition engine operator matrix (Phase 6 Prompt 27); first-parent path review (11 files); Workflow schema/operator expansion.; git cherry=n/a
