package_id,package_name,topological_order,changesets,hard_dependencies,soft_dependencies,platform_prerequisites,risk,frontend,backend,database,worker,security_sensitive,privacy_sensitive,feature_flag,entry_gate,exit_gate,required_tests,required_staging,required_vps,rollback_strategy
E1,"Metric, Time & KPI Contracts",1,cs-evaluations-metric-registry-baseline;cs-evaluations-calculation-versioning-baseline;cs-evaluations-timezone-period-model;cs-evaluations-unified-kpi-contract,,,,HIGH,true,true,false,false,false,false,,Fresh current main; preserve the two already-main registry/versioning baselines.,Contract-only foundation compiles; DST/provenance tests pass; no new controller or protected route is exposed before E2.,shared contract tests;timezone/DST boundary tests;calculation provenance regression,true,false,"Set package feature modes to off; revert the isolated package commit and redeploy the prior release. For applied schema, use rehearsed roll-forward repair or restore only from a verified backup."
E2,Tenant-Safe Analytics Foundation,2,cs-evaluations-grouping-entity-references;cs-evaluations-filter-architecture;cs-evaluations-analytics-contracts;cs-evaluations-tenant-isolation;cs-evaluations-summary-detail-separation,E1,,,CRITICAL,true,true,true,false,true,false,EVALUATIONS_ANALYTICS_V2_MODE=off,E1 merged; normalized entity-reference and tenant-scope design reviewed before schema work.,"Contracts, entity persistence and APIs are organization/station scoped; cross-tenant tests fail closed.",contract tests;migration dry run;cross-tenant/station negative tests;RBAC guard tests,true,false,"Set package feature modes to off; revert the isolated package commit and redeploy the prior release. For applied schema, use rehearsed roll-forward repair or restore only from a verified backup."
E3,Money & Finance Correctness,3,cs-evaluations-money-domain;cs-evaluations-money-migration;cs-evaluations-receivables;cs-evaluations-revenue-cashflow-result;cs-evaluations-multi-currency;cs-evaluations-finance-test-suite,E1;E2,,,CRITICAL,true,true,true,false,false,false,EVALUATIONS_ANALYTICS_V2_MODE=off,E2 tenant-safe contract surface merged; EVAL-ADR-001 migration design approved.,Money/FX/receivable calculations reconcile; migration dry run and finance property tests pass.,money property tests;finance integration tests;migration/backfill dry run;multi-currency reconciliation,true,false,"Set package feature modes to off; revert the isolated package commit and redeploy the prior release. For applied schema, use rehearsed roll-forward repair or restore only from a verified backup."
E4,Tenant-Safe Analytics Backend,4,cs-evaluations-analytics-summary;cs-evaluations-cost-model;cs-evaluations-utilization;cs-evaluations-strength-detection;cs-evaluations-weakness-detection;cs-evaluations-driver-influence-analysis,E2;E3,,,HIGH,true,true,false,false,false,false,EVALUATIONS_ANALYTICS_V2_MODE=off,E2 contracts/security and E3 canonical finance semantics merged.,All analytics services use canonical contracts and tenant filters; aggregation and scale tests pass.,repository/aggregation tests;pagination and large-dataset tests;tenant negative tests;contract compatibility tests,true,false,"Set package feature modes to off; revert the isolated package commit and redeploy the prior release. For applied schema, use rehearsed roll-forward repair or restore only from a verified backup."
E5,"Quality, Privacy, Authorization & Audit",5,cs-evaluations-data-quality;cs-evaluations-freshness-lineage;cs-evaluations-metric-state-ux;cs-evaluations-gdpr;cs-evaluations-roles-permissions;cs-evaluations-audit-logging,E2;E4,,,CRITICAL,true,true,false,false,true,true,EVALUATIONS_ANALYTICS_V2_MODE=off,E4 backend merged; central RBAC and business-audit extension plan approved.,"Quality/freshness, permissions, privacy and sensitive-read audit gates pass with no PII leakage.",data quality/freshness tests;RBAC matrix tests;PII redaction tests;durable audit outbox tests,true,false,"Set package feature modes to off; revert the isolated package commit and redeploy the prior release. For applied schema, use rehearsed roll-forward repair or restore only from a verified backup."
E6,Core Evaluations UI,6,cs-evaluations-data-quality-panel;cs-evaluations-information-architecture;cs-evaluations-executive-kpi-strip;cs-evaluations-strength-weakness-cockpit;cs-evaluations-risk-cost-failure-visuals;cs-evaluations-mobile-readiness;cs-evaluations-accessibility-i18n,E2;E3;E4;E5,,,HIGH,true,true,false,false,false,false,VITE_EVALUATIONS_UI_V2=off,"E3-E5 backend, finance, quality and security contracts merged; no placeholder API allowed.","Canonical EvaluationsPage passes typecheck, E2E, mobile, a11y/i18n and regenerated visual baselines.",frontend typecheck;component/E2E tests;mobile/visual regression;accessibility/i18n,true,false,"Set package feature modes to off; revert the isolated package commit and redeploy the prior release. For applied schema, use rehearsed roll-forward repair or restore only from a verified backup."
E7,Recommendations & Safe Actions,7,cs-evaluations-recommendation-domain;cs-evaluations-action-center;cs-evaluations-action-integrations;cs-evaluations-impact-measurement,E2;E5,E6,,CRITICAL,true,true,true,false,true,false,EVALUATIONS_RECOMMENDATIONS_MODE=off;EVALUATIONS_IMPACT_MEASUREMENT_ENABLED=false,E5 authorization/audit and E6 UI shell merged; material-action policy review complete.,"State machine, tenant checks, confirmation, idempotency and audit precede every material action.",state-machine tests;authorization/idempotency tests;audit outbox tests;side-effect safety tests,true,false,"Set package feature modes to off; revert the isolated package commit and redeploy the prior release. For applied schema, use rehearsed roll-forward repair or restore only from a verified backup."
E8,Predictive Backend & Release Gate,8,cs-evaluations-predictive-analytics-architecture;cs-evaluations-feature-store;cs-evaluations-demand-revenue-utilization-forecast;cs-evaluations-maintenance-failure-forecast;cs-evaluations-backtesting-drift,E2;E5,,,CRITICAL,true,true,true,true,false,false,EVALUATIONS_PREDICTIVE_MODE=off,"E4/E5 analytics, quality, tenant and audit foundations merged; model governance review complete.","Point-in-time features, forecasts and backtests pass release/uncertainty gates while customer exposure remains off.",future-leakage tests;rolling backtests;baseline and interval-coverage tests;model release denial tests,true,false,"Set package feature modes to off; revert the isolated package commit and redeploy the prior release. For applied schema, use rehearsed roll-forward repair or restore only from a verified backup."
E9,Forecast UI & Final Acceptance,9,cs-evaluations-forecast-ux,E5;E8,E6,,HIGH,true,false,false,false,false,false,VITE_EVALUATIONS_PREDICTIVE_MODE=off;EVALUATIONS_PREDICTIVE_MODE=off,E6 UI and E8 model-status/release contracts merged; backend remains default off.,Forecast UI never bypasses release status or uncertainty; full staging/VPS acceptance and rollback smoke pass.,forecast component/E2E tests;uncertainty/accessibility tests;release-gate denial tests;staging and rollback smoke,true,true,"Set package feature modes to off; revert the isolated package commit and redeploy the prior release. For applied schema, use rehearsed roll-forward repair or restore only from a verified backup."
