pr,classification,reason,evidence,replacement_commit_or_pr,confidence
187,SAFE_TO_CLOSE_PATCH_EQUIVALENT,1/1 non-reachable commits have exact stable patch-id matches,0/1 API-listed commits reachable from current origin/main | 1/1 non-reachable commits have exact stable patch-id matches | origin/main...head paths=17; two-tree paths=5308 | current head/base unchanged from Phase 1: 8c0207b1160646271dc4ad0888f949870266700c / 0a01c2a784c9f8597cce686840d6b341208a8b79,"[""62b2806054349b68b5cb1f7514f932b25fd8023f""]",HIGH
188,SAFE_TO_CLOSE_PATCH_EQUIVALENT,1/1 non-reachable commits have exact stable patch-id matches,0/1 API-listed commits reachable from current origin/main | 1/1 non-reachable commits have exact stable patch-id matches | origin/main...head paths=10; two-tree paths=5308 | current head/base unchanged from Phase 1: 4a2273aeb2e6dfd6abccb3ecf6f038f9bad3d961 / 62b2806054349b68b5cb1f7514f932b25fd8023f,"[""30c9fffc0a1f6a85a6ac9f7ef6f7e285e3efb724""]",HIGH
189,SAFE_TO_CLOSE_PATCH_EQUIVALENT,1/1 non-reachable commits have exact stable patch-id matches,0/1 API-listed commits reachable from current origin/main | 1/1 non-reachable commits have exact stable patch-id matches | origin/main...head paths=3; two-tree paths=5307 | current head/base unchanged from Phase 1: f7d14ff030d6b71b8224f8143cfcdba3a2396b06 / ab52b08063f485f97bfb3ab478acc730f22d7907,"[""ab52b08063f485f97bfb3ab478acc730f22d7907""]",HIGH
250,SAFE_TO_CLOSE_ALREADY_IN_MAIN,1/1 API-listed commits reachable from current origin/main,1/1 API-listed commits reachable from current origin/main | 0/0 non-reachable commits have exact stable patch-id matches | origin/main...head paths=0; two-tree paths=4470 | current head/base unchanged from Phase 1: abfb274353e2d838cb1b36ad98fd3bb3b6ae2f81 / edd6fb9f54e9952814d9489a5f99dfcef54a3c9d,"[""abfb274353e2d838cb1b36ad98fd3bb3b6ae2f81""]",HIGH
251,SAFE_TO_CLOSE_ALREADY_IN_MAIN,1/1 API-listed commits reachable from current origin/main,1/1 API-listed commits reachable from current origin/main | 0/0 non-reachable commits have exact stable patch-id matches | origin/main...head paths=0; two-tree paths=4465 | current head/base unchanged from Phase 1: a9cfacc9246ebff72d6c268fce02407382d6bfea / abfb274353e2d838cb1b36ad98fd3bb3b6ae2f81,"[""a9cfacc9246ebff72d6c268fce02407382d6bfea""]",HIGH
252,SAFE_TO_CLOSE_ALREADY_IN_MAIN,1/1 API-listed commits reachable from current origin/main,1/1 API-listed commits reachable from current origin/main | 0/0 non-reachable commits have exact stable patch-id matches | origin/main...head paths=0; two-tree paths=4464 | current head/base unchanged from Phase 1: 729500c140cbf35f120d3307fcdc8a1f2a1745cf / a9cfacc9246ebff72d6c268fce02407382d6bfea,"[""729500c140cbf35f120d3307fcdc8a1f2a1745cf""]",HIGH
253,SAFE_TO_CLOSE_ALREADY_IN_MAIN,2/2 API-listed commits reachable from current origin/main,2/2 API-listed commits reachable from current origin/main | 0/0 non-reachable commits have exact stable patch-id matches | origin/main...head paths=0; two-tree paths=4461 | current head/base unchanged from Phase 1: 8c4aa9360102ef49be8f1d289fcb25fec5dbced2 / 729500c140cbf35f120d3307fcdc8a1f2a1745cf,"[""01c186e134a76777b3e8fe90826eab263143815f"",""8c4aa9360102ef49be8f1d289fcb25fec5dbced2""]",HIGH
254,SAFE_TO_CLOSE_ALREADY_IN_MAIN,1/1 API-listed commits reachable from current origin/main,1/1 API-listed commits reachable from current origin/main | 0/0 non-reachable commits have exact stable patch-id matches | origin/main...head paths=0; two-tree paths=4450 | current head/base unchanged from Phase 1: 6f5351d3e4658102f97021cc54633071000cdba6 / 8c4aa9360102ef49be8f1d289fcb25fec5dbced2,"[""6f5351d3e4658102f97021cc54633071000cdba6""]",HIGH
255,SAFE_TO_CLOSE_ALREADY_IN_MAIN,2/2 API-listed commits reachable from current origin/main,2/2 API-listed commits reachable from current origin/main | 0/0 non-reachable commits have exact stable patch-id matches | origin/main...head paths=0; two-tree paths=4442 | current head/base unchanged from Phase 1: d5f40c70e72c65d082f63e74a376cedd3017e4dd / 6f5351d3e4658102f97021cc54633071000cdba6,"[""82d86b6191dc24d951be0c1237aabf4dbde86395"",""d5f40c70e72c65d082f63e74a376cedd3017e4dd""]",HIGH
256,SAFE_TO_CLOSE_ALREADY_IN_MAIN,1/1 API-listed commits reachable from current origin/main,1/1 API-listed commits reachable from current origin/main | 0/0 non-reachable commits have exact stable patch-id matches | origin/main...head paths=0; two-tree paths=4435 | current head/base unchanged from Phase 1: 1277a454b49c336dafadd38573f9f007d1c7d33a / d5f40c70e72c65d082f63e74a376cedd3017e4dd,"[""1277a454b49c336dafadd38573f9f007d1c7d33a""]",HIGH
257,SAFE_TO_CLOSE_ALREADY_IN_MAIN,1/1 API-listed commits reachable from current origin/main,1/1 API-listed commits reachable from current origin/main | 0/0 non-reachable commits have exact stable patch-id matches | origin/main...head paths=0; two-tree paths=4434 | current head/base unchanged from Phase 1: b95adeef7ffe5dcc92b30a51820dcd695af28460 / 1277a454b49c336dafadd38573f9f007d1c7d33a,"[""b95adeef7ffe5dcc92b30a51820dcd695af28460""]",HIGH
258,SAFE_TO_CLOSE_ALREADY_IN_MAIN,1/1 API-listed commits reachable from current origin/main,1/1 API-listed commits reachable from current origin/main | 0/0 non-reachable commits have exact stable patch-id matches | origin/main...head paths=0; two-tree paths=4430 | current head/base unchanged from Phase 1: b702cca71f7e6e201a55f99e221ce5f79fff605e / b95adeef7ffe5dcc92b30a51820dcd695af28460,"[""b702cca71f7e6e201a55f99e221ce5f79fff605e""]",HIGH
271,SAFE_TO_CLOSE_ALREADY_IN_MAIN,1/1 API-listed commits reachable from current origin/main,1/1 API-listed commits reachable from current origin/main | 0/0 non-reachable commits have exact stable patch-id matches | origin/main...head paths=0; two-tree paths=4237 | current head/base unchanged from Phase 1: 9fc0e0062ad82629c5b627d0a73b16d9484701c8 / 73bb39df0c431c520d90490aec470519871fe1f8,"[""9fc0e0062ad82629c5b627d0a73b16d9484701c8""]",HIGH
272,SAFE_TO_CLOSE_ALREADY_IN_MAIN,2/2 API-listed commits reachable from current origin/main,2/2 API-listed commits reachable from current origin/main | 0/0 non-reachable commits have exact stable patch-id matches | origin/main...head paths=0; two-tree paths=4235 | current head/base unchanged from Phase 1: 0d2431c35ffa8efb9455b6a5c633f0ab201717a5 / 9fc0e0062ad82629c5b627d0a73b16d9484701c8,"[""0d2431c35ffa8efb9455b6a5c633f0ab201717a5"",""3704818fef4a04a392c03857439e1f604d8f2fc8""]",HIGH
273,SAFE_TO_CLOSE_ALREADY_IN_MAIN,1/1 API-listed commits reachable from current origin/main,1/1 API-listed commits reachable from current origin/main | 0/0 non-reachable commits have exact stable patch-id matches | origin/main...head paths=0; two-tree paths=4231 | current head/base unchanged from Phase 1: 50d7fd51c9c40b3cddbd185300ff667625a4d4b1 / 0d2431c35ffa8efb9455b6a5c633f0ab201717a5,"[""50d7fd51c9c40b3cddbd185300ff667625a4d4b1""]",HIGH
279,SAFE_TO_CLOSE_ALREADY_IN_MAIN,1/1 API-listed commits reachable from current origin/main,1/1 API-listed commits reachable from current origin/main | 0/0 non-reachable commits have exact stable patch-id matches | origin/main...head paths=0; two-tree paths=4215 | current head/base unchanged from Phase 1: b9710455947186ea34f99e6c2a76a67a120e44b0 / 8264e4ba802350f315139d87e36f2c23240d30e9,"[""b9710455947186ea34f99e6c2a76a67a120e44b0""]",HIGH
280,SAFE_TO_CLOSE_ALREADY_IN_MAIN,1/1 API-listed commits reachable from current origin/main,1/1 API-listed commits reachable from current origin/main | 0/0 non-reachable commits have exact stable patch-id matches | origin/main...head paths=0; two-tree paths=4210 | current head/base unchanged from Phase 1: ff24dc29e9a0fae5ef49fef119631e5c4b793e44 / b9710455947186ea34f99e6c2a76a67a120e44b0,"[""ff24dc29e9a0fae5ef49fef119631e5c4b793e44""]",HIGH
281,SAFE_TO_CLOSE_ALREADY_IN_MAIN,1/1 API-listed commits reachable from current origin/main,1/1 API-listed commits reachable from current origin/main | 0/0 non-reachable commits have exact stable patch-id matches | origin/main...head paths=0; two-tree paths=4205 | current head/base unchanged from Phase 1: dc82d3545044625e3a8fbfc16b499689265cf21c / ff24dc29e9a0fae5ef49fef119631e5c4b793e44,"[""dc82d3545044625e3a8fbfc16b499689265cf21c""]",HIGH
282,SAFE_TO_CLOSE_ALREADY_IN_MAIN,1/1 API-listed commits reachable from current origin/main,1/1 API-listed commits reachable from current origin/main | 0/0 non-reachable commits have exact stable patch-id matches | origin/main...head paths=0; two-tree paths=4197 | current head/base unchanged from Phase 1: 923be59e156e378f1f5a07b97193c21a21711d26 / dc82d3545044625e3a8fbfc16b499689265cf21c,"[""923be59e156e378f1f5a07b97193c21a21711d26""]",HIGH
283,SAFE_TO_CLOSE_ALREADY_IN_MAIN,1/1 API-listed commits reachable from current origin/main,1/1 API-listed commits reachable from current origin/main | 0/0 non-reachable commits have exact stable patch-id matches | origin/main...head paths=0; two-tree paths=4188 | current head/base unchanged from Phase 1: c6d6e781056ae77084b713b22dc5c6a41783b3eb / 923be59e156e378f1f5a07b97193c21a21711d26,"[""c6d6e781056ae77084b713b22dc5c6a41783b3eb""]",HIGH
284,SAFE_TO_CLOSE_ALREADY_IN_MAIN,1/1 API-listed commits reachable from current origin/main,1/1 API-listed commits reachable from current origin/main | 0/0 non-reachable commits have exact stable patch-id matches | origin/main...head paths=0; two-tree paths=4181 | current head/base unchanged from Phase 1: aa915bf96305fe15a62925bd595c39a7cedd5c6f / c6d6e781056ae77084b713b22dc5c6a41783b3eb,"[""aa915bf96305fe15a62925bd595c39a7cedd5c6f""]",HIGH
285,SAFE_TO_CLOSE_ALREADY_IN_MAIN,1/1 API-listed commits reachable from current origin/main,1/1 API-listed commits reachable from current origin/main | 0/0 non-reachable commits have exact stable patch-id matches | origin/main...head paths=0; two-tree paths=4171 | current head/base unchanged from Phase 1: c37df3f0d5648362b13765a9e980be1e2709af26 / aa915bf96305fe15a62925bd595c39a7cedd5c6f,"[""c37df3f0d5648362b13765a9e980be1e2709af26""]",HIGH
286,SAFE_TO_CLOSE_ALREADY_IN_MAIN,1/1 API-listed commits reachable from current origin/main,1/1 API-listed commits reachable from current origin/main | 0/0 non-reachable commits have exact stable patch-id matches | origin/main...head paths=0; two-tree paths=4167 | current head/base unchanged from Phase 1: fd0fee080dc25972ef6622cad4334ee9647b24fa / c37df3f0d5648362b13765a9e980be1e2709af26,"[""fd0fee080dc25972ef6622cad4334ee9647b24fa""]",HIGH
287,SAFE_TO_CLOSE_ALREADY_IN_MAIN,1/1 API-listed commits reachable from current origin/main,1/1 API-listed commits reachable from current origin/main | 0/0 non-reachable commits have exact stable patch-id matches | origin/main...head paths=0; two-tree paths=4164 | current head/base unchanged from Phase 1: 6cbd9a9c0e019650a19b343081b55cf483f2788f / fd0fee080dc25972ef6622cad4334ee9647b24fa,"[""6cbd9a9c0e019650a19b343081b55cf483f2788f""]",HIGH
288,SAFE_TO_CLOSE_ALREADY_IN_MAIN,1/1 API-listed commits reachable from current origin/main,1/1 API-listed commits reachable from current origin/main | 0/0 non-reachable commits have exact stable patch-id matches | origin/main...head paths=0; two-tree paths=4164 | current head/base unchanged from Phase 1: a60b21f0abca5d2687e9b6f14aec08463a8bd237 / 6cbd9a9c0e019650a19b343081b55cf483f2788f,"[""a60b21f0abca5d2687e9b6f14aec08463a8bd237""]",HIGH
291,SAFE_TO_CLOSE_ALREADY_IN_MAIN,1/1 API-listed commits reachable from current origin/main,1/1 API-listed commits reachable from current origin/main | 0/0 non-reachable commits have exact stable patch-id matches | origin/main...head paths=0; two-tree paths=4146 | current head/base unchanged from Phase 1: e3334e7f65a5092e89b8e5a80226fc6556833aa5 / 9e02ae52d3ae2d300cb67341e1c1fb1b3ade7316,"[""e3334e7f65a5092e89b8e5a80226fc6556833aa5""]",HIGH
292,SAFE_TO_CLOSE_ALREADY_IN_MAIN,1/1 API-listed commits reachable from current origin/main,1/1 API-listed commits reachable from current origin/main | 0/0 non-reachable commits have exact stable patch-id matches | origin/main...head paths=0; two-tree paths=4143 | current head/base unchanged from Phase 1: 7e656b638606bce9f22730f2d95bdbc11697b128 / e3334e7f65a5092e89b8e5a80226fc6556833aa5,"[""7e656b638606bce9f22730f2d95bdbc11697b128""]",HIGH
293,SAFE_TO_CLOSE_ALREADY_IN_MAIN,1/1 API-listed commits reachable from current origin/main,1/1 API-listed commits reachable from current origin/main | 0/0 non-reachable commits have exact stable patch-id matches | origin/main...head paths=0; two-tree paths=4140 | current head/base unchanged from Phase 1: c024f4cee394e9b912d20557da4e33bce67aedcf / 7e656b638606bce9f22730f2d95bdbc11697b128,"[""c024f4cee394e9b912d20557da4e33bce67aedcf""]",HIGH
294,SAFE_TO_CLOSE_ALREADY_IN_MAIN,2/2 API-listed commits reachable from current origin/main,2/2 API-listed commits reachable from current origin/main | 0/0 non-reachable commits have exact stable patch-id matches | origin/main...head paths=0; two-tree paths=4131 | current head/base unchanged from Phase 1: b704eed7bc8eaf5884dfd5451215d8f363da2c14 / c024f4cee394e9b912d20557da4e33bce67aedcf,"[""79f63f45045a3d02d452a2f8f7bc8c4e1fb497d7"",""b704eed7bc8eaf5884dfd5451215d8f363da2c14""]",HIGH
295,SAFE_TO_CLOSE_ALREADY_IN_MAIN,1/1 API-listed commits reachable from current origin/main,1/1 API-listed commits reachable from current origin/main | 0/0 non-reachable commits have exact stable patch-id matches | origin/main...head paths=0; two-tree paths=4125 | current head/base unchanged from Phase 1: 94c53f528065a0d7aad28b0dd94206d41c514ef2 / b704eed7bc8eaf5884dfd5451215d8f363da2c14,"[""94c53f528065a0d7aad28b0dd94206d41c514ef2""]",HIGH
296,SAFE_TO_CLOSE_ALREADY_IN_MAIN,1/1 API-listed commits reachable from current origin/main,1/1 API-listed commits reachable from current origin/main | 0/0 non-reachable commits have exact stable patch-id matches | origin/main...head paths=0; two-tree paths=4123 | current head/base unchanged from Phase 1: 8326aa39502823857cee955f9ea563b905db463d / 94c53f528065a0d7aad28b0dd94206d41c514ef2,"[""8326aa39502823857cee955f9ea563b905db463d""]",HIGH
297,SAFE_TO_CLOSE_ALREADY_IN_MAIN,1/1 API-listed commits reachable from current origin/main,1/1 API-listed commits reachable from current origin/main | 0/0 non-reachable commits have exact stable patch-id matches | origin/main...head paths=0; two-tree paths=4119 | current head/base unchanged from Phase 1: a71951140ce0deb4b4f6d93a97b4357b7a9275cd / 8326aa39502823857cee955f9ea563b905db463d,"[""a71951140ce0deb4b4f6d93a97b4357b7a9275cd""]",HIGH
298,SAFE_TO_CLOSE_ALREADY_IN_MAIN,1/1 API-listed commits reachable from current origin/main,1/1 API-listed commits reachable from current origin/main | 0/0 non-reachable commits have exact stable patch-id matches | origin/main...head paths=0; two-tree paths=4113 | current head/base unchanged from Phase 1: a074783a2405291e394298c13085f6209d607bdc / a71951140ce0deb4b4f6d93a97b4357b7a9275cd,"[""a074783a2405291e394298c13085f6209d607bdc""]",HIGH
299,SAFE_TO_CLOSE_ALREADY_IN_MAIN,1/1 API-listed commits reachable from current origin/main,1/1 API-listed commits reachable from current origin/main | 0/0 non-reachable commits have exact stable patch-id matches | origin/main...head paths=0; two-tree paths=4105 | current head/base unchanged from Phase 1: e2e2cb72acdaa33a12bb7003d5d447890abb9457 / a074783a2405291e394298c13085f6209d607bdc,"[""e2e2cb72acdaa33a12bb7003d5d447890abb9457""]",HIGH
300,SAFE_TO_CLOSE_ALREADY_IN_MAIN,1/1 API-listed commits reachable from current origin/main,1/1 API-listed commits reachable from current origin/main | 0/0 non-reachable commits have exact stable patch-id matches | origin/main...head paths=0; two-tree paths=4100 | current head/base unchanged from Phase 1: be37613414e3271fdf9cdced1d79b852b2cab2db / e2e2cb72acdaa33a12bb7003d5d447890abb9457,"[""be37613414e3271fdf9cdced1d79b852b2cab2db""]",HIGH
301,SAFE_TO_CLOSE_ALREADY_IN_MAIN,1/1 API-listed commits reachable from current origin/main,1/1 API-listed commits reachable from current origin/main | 0/0 non-reachable commits have exact stable patch-id matches | origin/main...head paths=0; two-tree paths=4094 | current head/base unchanged from Phase 1: 899157e4fe0f25823d922e787bceda20d2a66c00 / be37613414e3271fdf9cdced1d79b852b2cab2db,"[""899157e4fe0f25823d922e787bceda20d2a66c00""]",HIGH
302,SAFE_TO_CLOSE_ALREADY_IN_MAIN,1/1 API-listed commits reachable from current origin/main,1/1 API-listed commits reachable from current origin/main | 0/0 non-reachable commits have exact stable patch-id matches | origin/main...head paths=0; two-tree paths=4084 | current head/base unchanged from Phase 1: 79e381069995543136b10914c1b5f5c582ee15e3 / 899157e4fe0f25823d922e787bceda20d2a66c00,"[""79e381069995543136b10914c1b5f5c582ee15e3""]",HIGH
303,SAFE_TO_CLOSE_ALREADY_IN_MAIN,1/1 API-listed commits reachable from current origin/main,1/1 API-listed commits reachable from current origin/main | 0/0 non-reachable commits have exact stable patch-id matches | origin/main...head paths=0; two-tree paths=4081 | current head/base unchanged from Phase 1: ac5453bf84ba4ce4c211993595c5d291cbc2d9f6 / 79e381069995543136b10914c1b5f5c582ee15e3,"[""ac5453bf84ba4ce4c211993595c5d291cbc2d9f6""]",HIGH
304,SAFE_TO_CLOSE_ALREADY_IN_MAIN,1/1 API-listed commits reachable from current origin/main,1/1 API-listed commits reachable from current origin/main | 0/0 non-reachable commits have exact stable patch-id matches | origin/main...head paths=0; two-tree paths=4073 | current head/base unchanged from Phase 1: 206818d0fd10d63590702295462ed449550824be / ac5453bf84ba4ce4c211993595c5d291cbc2d9f6,"[""206818d0fd10d63590702295462ed449550824be""]",HIGH
305,SAFE_TO_CLOSE_ALREADY_IN_MAIN,1/1 API-listed commits reachable from current origin/main,1/1 API-listed commits reachable from current origin/main | 0/0 non-reachable commits have exact stable patch-id matches | origin/main...head paths=0; two-tree paths=4064 | current head/base unchanged from Phase 1: 14d66086c2b7eafa012badb1987af7cd1874567b / 206818d0fd10d63590702295462ed449550824be,"[""14d66086c2b7eafa012badb1987af7cd1874567b""]",HIGH
306,SAFE_TO_CLOSE_ALREADY_IN_MAIN,1/1 API-listed commits reachable from current origin/main,1/1 API-listed commits reachable from current origin/main | 0/0 non-reachable commits have exact stable patch-id matches | origin/main...head paths=0; two-tree paths=4056 | current head/base unchanged from Phase 1: 3820edb15cd09864a7e53cc7473d81f55019cb48 / 14d66086c2b7eafa012badb1987af7cd1874567b,"[""3820edb15cd09864a7e53cc7473d81f55019cb48""]",HIGH
307,SAFE_TO_CLOSE_ALREADY_IN_MAIN,1/1 API-listed commits reachable from current origin/main,1/1 API-listed commits reachable from current origin/main | 0/0 non-reachable commits have exact stable patch-id matches | origin/main...head paths=0; two-tree paths=4047 | current head/base unchanged from Phase 1: c2cb860169526b330d2dfe82dd17ce1d594ecd54 / 3820edb15cd09864a7e53cc7473d81f55019cb48,"[""c2cb860169526b330d2dfe82dd17ce1d594ecd54""]",HIGH
308,SAFE_TO_CLOSE_ALREADY_IN_MAIN,1/1 API-listed commits reachable from current origin/main,1/1 API-listed commits reachable from current origin/main | 0/0 non-reachable commits have exact stable patch-id matches | origin/main...head paths=0; two-tree paths=4039 | current head/base unchanged from Phase 1: cc29183e9faa191f38dfe74d73d8cb45c733047f / c2cb860169526b330d2dfe82dd17ce1d594ecd54,"[""cc29183e9faa191f38dfe74d73d8cb45c733047f""]",HIGH
309,SAFE_TO_CLOSE_ALREADY_IN_MAIN,1/1 API-listed commits reachable from current origin/main,1/1 API-listed commits reachable from current origin/main | 0/0 non-reachable commits have exact stable patch-id matches | origin/main...head paths=0; two-tree paths=4029 | current head/base unchanged from Phase 1: d182d961a24a286a0d6a5d2e3ee38463b60a5604 / cc29183e9faa191f38dfe74d73d8cb45c733047f,"[""d182d961a24a286a0d6a5d2e3ee38463b60a5604""]",HIGH
310,SAFE_TO_CLOSE_ALREADY_IN_MAIN,1/1 API-listed commits reachable from current origin/main,1/1 API-listed commits reachable from current origin/main | 0/0 non-reachable commits have exact stable patch-id matches | origin/main...head paths=0; two-tree paths=4026 | current head/base unchanged from Phase 1: b8ac1203e252e660a4942114f9990d83f15ee415 / d182d961a24a286a0d6a5d2e3ee38463b60a5604,"[""b8ac1203e252e660a4942114f9990d83f15ee415""]",HIGH
311,SAFE_TO_CLOSE_ALREADY_IN_MAIN,1/1 API-listed commits reachable from current origin/main,1/1 API-listed commits reachable from current origin/main | 0/0 non-reachable commits have exact stable patch-id matches | origin/main...head paths=0; two-tree paths=4018 | current head/base unchanged from Phase 1: e6034baac7450f43956032b4900ea01ce7a7316e / b8ac1203e252e660a4942114f9990d83f15ee415,"[""e6034baac7450f43956032b4900ea01ce7a7316e""]",HIGH
312,SAFE_TO_CLOSE_ALREADY_IN_MAIN,19/19 API-listed commits reachable from current origin/main,19/19 API-listed commits reachable from current origin/main | 0/0 non-reachable commits have exact stable patch-id matches | origin/main...head paths=0; two-tree paths=3861 | current head/base unchanged from Phase 1: dc0ef2efa140a4db44c73fc80dce8397c22537a9 / e6034baac7450f43956032b4900ea01ce7a7316e,"[""045a364ef80b501275988e6b3ae8aa492daf8379"",""14f26fb01eadb3b25c9c0b3db33c35838544769a"",""150c12ef5901e24c768f6ee5e39608642b6df957"",""21ea02678d1046946a0fbb63228de19db9b7f3a2"",""28c99b255459ff153a5b907257c41bea47c30c8a"",""386d22f4c5a4b66a035c20c101eb6a7469689ffc"",""3a14fefb4858a455fcc8d4b17e3a0428bf6cd484"",""6d27930b39b2a430079b3e7e83334ccbe37a75c1"",""6f1a836923f09b77298d47a26929fa40df3a131d"",""8172ea5963a9264615eae32ca7cb63a31bdf3901"",""8416aead542f908238216761147fcc6bceb6f84f"",""8d6c9935c603bd99cdc7dd0cd2d59b115ee4e2c0"",""9d1cc81ed22eded9db1b478d3531c299f40fe3d8"",""bb13eca3618c166d53f5afcef9f0a42a8a4cbf12"",""c68805c27ac47bd1d67862cf71f838b77e2807f8"",""d6a2a6a370e6d28cd877f2729a1bdbff79b7e21d"",""dc0ef2efa140a4db44c73fc80dce8397c22537a9"",""e5d17126e35246962a257c154be95aaaef730e9f"",""f377601bc4b958ce45ba6efab99feabbb92be382""]",HIGH
322,SAFE_TO_CLOSE_ALREADY_IN_MAIN,1/1 API-listed commits reachable from current origin/main,1/1 API-listed commits reachable from current origin/main | 0/0 non-reachable commits have exact stable patch-id matches | origin/main...head paths=0; two-tree paths=4246 | current head/base unchanged from Phase 1: b89cb30249781dc46721d7b5395b05831b56ccd4 / 273e3b456ed01ef4d9efff9f35b334bd5527b7ce,"[""b89cb30249781dc46721d7b5395b05831b56ccd4""]",HIGH
324,SAFE_TO_CLOSE_ALREADY_IN_MAIN,2/2 API-listed commits reachable from current origin/main,2/2 API-listed commits reachable from current origin/main | 0/0 non-reachable commits have exact stable patch-id matches | origin/main...head paths=0; two-tree paths=4232 | current head/base unchanged from Phase 1: 3b9012e66bd66d611591048ac5ded01cfd8d23b1 / 2e1ee3ae0a5426414ff4460455692311158ca00b,"[""3b9012e66bd66d611591048ac5ded01cfd8d23b1"",""3dce7ed4dac893915e4af19c1485f4fa88da0675""]",HIGH
325,SAFE_TO_CLOSE_ALREADY_IN_MAIN,1/1 API-listed commits reachable from current origin/main,1/1 API-listed commits reachable from current origin/main | 0/0 non-reachable commits have exact stable patch-id matches | origin/main...head paths=0; two-tree paths=4231 | current head/base unchanged from Phase 1: 4bcaf570dadd1f1378845804b869d2463c11ca9c / 3b9012e66bd66d611591048ac5ded01cfd8d23b1,"[""4bcaf570dadd1f1378845804b869d2463c11ca9c""]",HIGH
326,SAFE_TO_CLOSE_ALREADY_IN_MAIN,1/1 API-listed commits reachable from current origin/main,1/1 API-listed commits reachable from current origin/main | 0/0 non-reachable commits have exact stable patch-id matches | origin/main...head paths=0; two-tree paths=4226 | current head/base unchanged from Phase 1: 02c6e76d5f327a20e1d6c1d17b64bddc92b71a10 / 4bcaf570dadd1f1378845804b869d2463c11ca9c,"[""02c6e76d5f327a20e1d6c1d17b64bddc92b71a10""]",HIGH
327,SAFE_TO_CLOSE_ALREADY_IN_MAIN,1/1 API-listed commits reachable from current origin/main,1/1 API-listed commits reachable from current origin/main | 0/0 non-reachable commits have exact stable patch-id matches | origin/main...head paths=0; two-tree paths=4225 | current head/base unchanged from Phase 1: 5c9124a23ac6b9e0fa84a0d224511a05bb398625 / 02c6e76d5f327a20e1d6c1d17b64bddc92b71a10,"[""5c9124a23ac6b9e0fa84a0d224511a05bb398625""]",HIGH
328,SAFE_TO_CLOSE_ALREADY_IN_MAIN,1/1 API-listed commits reachable from current origin/main,1/1 API-listed commits reachable from current origin/main | 0/0 non-reachable commits have exact stable patch-id matches | origin/main...head paths=0; two-tree paths=4214 | current head/base unchanged from Phase 1: 05a6a2ebbc5924e8d4e823cb43be513e6e88816a / 5c9124a23ac6b9e0fa84a0d224511a05bb398625,"[""05a6a2ebbc5924e8d4e823cb43be513e6e88816a""]",HIGH
329,SAFE_TO_CLOSE_ALREADY_IN_MAIN,1/1 API-listed commits reachable from current origin/main,1/1 API-listed commits reachable from current origin/main | 0/0 non-reachable commits have exact stable patch-id matches | origin/main...head paths=0; two-tree paths=4201 | current head/base unchanged from Phase 1: f8e065004fc3b7066a3043e72903e5a46d57a385 / 05a6a2ebbc5924e8d4e823cb43be513e6e88816a,"[""f8e065004fc3b7066a3043e72903e5a46d57a385""]",HIGH
330,SAFE_TO_CLOSE_ALREADY_IN_MAIN,1/1 API-listed commits reachable from current origin/main,1/1 API-listed commits reachable from current origin/main | 0/0 non-reachable commits have exact stable patch-id matches | origin/main...head paths=0; two-tree paths=4186 | current head/base unchanged from Phase 1: 77401ab3eca4fa41bcd463783114ecdec71d54f5 / f8e065004fc3b7066a3043e72903e5a46d57a385,"[""77401ab3eca4fa41bcd463783114ecdec71d54f5""]",HIGH
331,SAFE_TO_CLOSE_ALREADY_IN_MAIN,1/1 API-listed commits reachable from current origin/main,1/1 API-listed commits reachable from current origin/main | 0/0 non-reachable commits have exact stable patch-id matches | origin/main...head paths=0; two-tree paths=4181 | current head/base unchanged from Phase 1: 144ea9ef1b4888a74a3305078a2dc3b2d692734f / 77401ab3eca4fa41bcd463783114ecdec71d54f5,"[""144ea9ef1b4888a74a3305078a2dc3b2d692734f""]",HIGH
332,SAFE_TO_CLOSE_ALREADY_IN_MAIN,1/1 API-listed commits reachable from current origin/main,1/1 API-listed commits reachable from current origin/main | 0/0 non-reachable commits have exact stable patch-id matches | origin/main...head paths=0; two-tree paths=4175 | current head/base unchanged from Phase 1: 07bf0bb6004b5dd73ea8b11117eccb75f0471096 / 144ea9ef1b4888a74a3305078a2dc3b2d692734f,"[""07bf0bb6004b5dd73ea8b11117eccb75f0471096""]",HIGH
334,SAFE_TO_CLOSE_ALREADY_IN_MAIN,1/1 API-listed commits reachable from current origin/main,1/1 API-listed commits reachable from current origin/main | 0/0 non-reachable commits have exact stable patch-id matches | origin/main...head paths=0; two-tree paths=4172 | current head/base unchanged from Phase 1: 62c3f380137d714c4986553804f9ddf439dbc506 / 07bf0bb6004b5dd73ea8b11117eccb75f0471096,"[""62c3f380137d714c4986553804f9ddf439dbc506""]",HIGH
335,SAFE_TO_CLOSE_ALREADY_IN_MAIN,1/1 API-listed commits reachable from current origin/main,1/1 API-listed commits reachable from current origin/main | 0/0 non-reachable commits have exact stable patch-id matches | origin/main...head paths=0; two-tree paths=4161 | current head/base unchanged from Phase 1: a1fe7022ce39561b4924b35bac67830f4fa5fa70 / 62c3f380137d714c4986553804f9ddf439dbc506,"[""a1fe7022ce39561b4924b35bac67830f4fa5fa70""]",HIGH
336,SAFE_TO_CLOSE_ALREADY_IN_MAIN,1/1 API-listed commits reachable from current origin/main,1/1 API-listed commits reachable from current origin/main | 0/0 non-reachable commits have exact stable patch-id matches | origin/main...head paths=0; two-tree paths=4152 | current head/base unchanged from Phase 1: 0bfa1367d26ffb06d0693afd6d332d4caa2637d2 / a1fe7022ce39561b4924b35bac67830f4fa5fa70,"[""0bfa1367d26ffb06d0693afd6d332d4caa2637d2""]",HIGH
337,SAFE_TO_CLOSE_ALREADY_IN_MAIN,1/1 API-listed commits reachable from current origin/main,1/1 API-listed commits reachable from current origin/main | 0/0 non-reachable commits have exact stable patch-id matches | origin/main...head paths=0; two-tree paths=4148 | current head/base unchanged from Phase 1: f38d9f2a71dfa7d90c53b43456a675411afb9bc2 / 0bfa1367d26ffb06d0693afd6d332d4caa2637d2,"[""f38d9f2a71dfa7d90c53b43456a675411afb9bc2""]",HIGH
338,SAFE_TO_CLOSE_ALREADY_IN_MAIN,1/1 API-listed commits reachable from current origin/main,1/1 API-listed commits reachable from current origin/main | 0/0 non-reachable commits have exact stable patch-id matches | origin/main...head paths=0; two-tree paths=4141 | current head/base unchanged from Phase 1: 895ba551f4bae9d5d1211cc7efd07bdd36f2ae64 / f38d9f2a71dfa7d90c53b43456a675411afb9bc2,"[""895ba551f4bae9d5d1211cc7efd07bdd36f2ae64""]",HIGH
339,SAFE_TO_CLOSE_ALREADY_IN_MAIN,1/1 API-listed commits reachable from current origin/main,1/1 API-listed commits reachable from current origin/main | 0/0 non-reachable commits have exact stable patch-id matches | origin/main...head paths=0; two-tree paths=4141 | current head/base unchanged from Phase 1: 76ed53d2942fceddc43a7a11c126bd0002ce1728 / 895ba551f4bae9d5d1211cc7efd07bdd36f2ae64,"[""76ed53d2942fceddc43a7a11c126bd0002ce1728""]",HIGH
340,SAFE_TO_CLOSE_ALREADY_IN_MAIN,1/1 API-listed commits reachable from current origin/main,1/1 API-listed commits reachable from current origin/main | 0/0 non-reachable commits have exact stable patch-id matches | origin/main...head paths=0; two-tree paths=4132 | current head/base unchanged from Phase 1: 0329182a121dcdf784165d59dcfe6e62d80a2a49 / 76ed53d2942fceddc43a7a11c126bd0002ce1728,"[""0329182a121dcdf784165d59dcfe6e62d80a2a49""]",HIGH
341,SAFE_TO_CLOSE_ALREADY_IN_MAIN,1/1 API-listed commits reachable from current origin/main,1/1 API-listed commits reachable from current origin/main | 0/0 non-reachable commits have exact stable patch-id matches | origin/main...head paths=0; two-tree paths=4122 | current head/base unchanged from Phase 1: ffb6181272c2af4377494716824417157a20ccf3 / 0329182a121dcdf784165d59dcfe6e62d80a2a49,"[""ffb6181272c2af4377494716824417157a20ccf3""]",HIGH
342,SAFE_TO_CLOSE_ALREADY_IN_MAIN,1/1 API-listed commits reachable from current origin/main,1/1 API-listed commits reachable from current origin/main | 0/0 non-reachable commits have exact stable patch-id matches | origin/main...head paths=0; two-tree paths=4114 | current head/base unchanged from Phase 1: 5b931efe5dddc83ad4f17c263686e33d121f5dd3 / ffb6181272c2af4377494716824417157a20ccf3,"[""5b931efe5dddc83ad4f17c263686e33d121f5dd3""]",HIGH
343,SAFE_TO_CLOSE_ALREADY_IN_MAIN,1/1 API-listed commits reachable from current origin/main,1/1 API-listed commits reachable from current origin/main | 0/0 non-reachable commits have exact stable patch-id matches | origin/main...head paths=0; two-tree paths=4104 | current head/base unchanged from Phase 1: b2fd71fc6ee534bace4a093de88d395f43a4a5a8 / 5b931efe5dddc83ad4f17c263686e33d121f5dd3,"[""b2fd71fc6ee534bace4a093de88d395f43a4a5a8""]",HIGH
345,SAFE_TO_CLOSE_ALREADY_IN_MAIN,1/1 API-listed commits reachable from current origin/main,1/1 API-listed commits reachable from current origin/main | 0/0 non-reachable commits have exact stable patch-id matches | origin/main...head paths=0; two-tree paths=4097 | current head/base unchanged from Phase 1: c0fa988a7fb3a21e4ccbc1f1c7a3cee2fd7b31ec / b2fd71fc6ee534bace4a093de88d395f43a4a5a8,"[""c0fa988a7fb3a21e4ccbc1f1c7a3cee2fd7b31ec""]",HIGH
347,SAFE_TO_CLOSE_ALREADY_IN_MAIN,1/1 API-listed commits reachable from current origin/main,1/1 API-listed commits reachable from current origin/main | 0/0 non-reachable commits have exact stable patch-id matches | origin/main...head paths=0; two-tree paths=4091 | current head/base unchanged from Phase 1: aa1d33b764961f06fc500535747e95de718bba3a / c0fa988a7fb3a21e4ccbc1f1c7a3cee2fd7b31ec,"[""aa1d33b764961f06fc500535747e95de718bba3a""]",HIGH
348,SAFE_TO_CLOSE_ALREADY_IN_MAIN,1/1 API-listed commits reachable from current origin/main,1/1 API-listed commits reachable from current origin/main | 0/0 non-reachable commits have exact stable patch-id matches | origin/main...head paths=0; two-tree paths=4088 | current head/base unchanged from Phase 1: 183888bf3dae1a0cea007873b9eabddf1934b664 / aa1d33b764961f06fc500535747e95de718bba3a,"[""183888bf3dae1a0cea007873b9eabddf1934b664""]",HIGH
349,SAFE_TO_CLOSE_ALREADY_IN_MAIN,1/1 API-listed commits reachable from current origin/main,1/1 API-listed commits reachable from current origin/main | 0/0 non-reachable commits have exact stable patch-id matches | origin/main...head paths=0; two-tree paths=4085 | current head/base unchanged from Phase 1: 57e216059c5c951ff3f047e30ca487e4a3e7ec41 / 183888bf3dae1a0cea007873b9eabddf1934b664,"[""57e216059c5c951ff3f047e30ca487e4a3e7ec41""]",HIGH
350,SAFE_TO_CLOSE_ALREADY_IN_MAIN,1/1 API-listed commits reachable from current origin/main,1/1 API-listed commits reachable from current origin/main | 0/0 non-reachable commits have exact stable patch-id matches | origin/main...head paths=0; two-tree paths=4080 | current head/base unchanged from Phase 1: 51881acaa2fb67f725fb6ddf465adc942a0e2b66 / 57e216059c5c951ff3f047e30ca487e4a3e7ec41,"[""51881acaa2fb67f725fb6ddf465adc942a0e2b66""]",HIGH
351,SAFE_TO_CLOSE_ALREADY_IN_MAIN,1/1 API-listed commits reachable from current origin/main,1/1 API-listed commits reachable from current origin/main | 0/0 non-reachable commits have exact stable patch-id matches | origin/main...head paths=0; two-tree paths=4061 | current head/base unchanged from Phase 1: a86614bea4b3945062149d71e6c520f85973101a / 51881acaa2fb67f725fb6ddf465adc942a0e2b66,"[""a86614bea4b3945062149d71e6c520f85973101a""]",HIGH
352,SAFE_TO_CLOSE_ALREADY_IN_MAIN,1/1 API-listed commits reachable from current origin/main,1/1 API-listed commits reachable from current origin/main | 0/0 non-reachable commits have exact stable patch-id matches | origin/main...head paths=0; two-tree paths=4056 | current head/base unchanged from Phase 1: f03f5061bd5bf466be2b6a9705d7f5f25a81411b / a86614bea4b3945062149d71e6c520f85973101a,"[""f03f5061bd5bf466be2b6a9705d7f5f25a81411b""]",HIGH
353,SAFE_TO_CLOSE_ALREADY_IN_MAIN,2/2 API-listed commits reachable from current origin/main,2/2 API-listed commits reachable from current origin/main | 0/0 non-reachable commits have exact stable patch-id matches | origin/main...head paths=0; two-tree paths=4052 | current head/base unchanged from Phase 1: c8b6b8a0a8502c961a3ece6ce4f995015c6faac1 / c07cc8eddf804187fb8554efd792f0c3e038e3ad,"[""c8b6b8a0a8502c961a3ece6ce4f995015c6faac1"",""fc05a1a90ff37a1103e8938abe504919fc8a2988""]",HIGH
354,SAFE_TO_CLOSE_ALREADY_IN_MAIN,1/1 API-listed commits reachable from current origin/main,1/1 API-listed commits reachable from current origin/main | 0/0 non-reachable commits have exact stable patch-id matches | origin/main...head paths=0; two-tree paths=3994 | current head/base unchanged from Phase 1: ca01ca751f0c70377483605fe47df1289328b446 / dbaab4a55e438934841f745ed59c963caf30f27e,"[""ca01ca751f0c70377483605fe47df1289328b446""]",HIGH
355,SAFE_TO_CLOSE_ALREADY_IN_MAIN,1/1 API-listed commits reachable from current origin/main,1/1 API-listed commits reachable from current origin/main | 0/0 non-reachable commits have exact stable patch-id matches | origin/main...head paths=0; two-tree paths=3987 | current head/base unchanged from Phase 1: d990dd138577051a66bff8cfb4a79a71ee08a410 / ca01ca751f0c70377483605fe47df1289328b446,"[""d990dd138577051a66bff8cfb4a79a71ee08a410""]",HIGH
356,SAFE_TO_CLOSE_ALREADY_IN_MAIN,1/1 API-listed commits reachable from current origin/main,1/1 API-listed commits reachable from current origin/main | 0/0 non-reachable commits have exact stable patch-id matches | origin/main...head paths=0; two-tree paths=3979 | current head/base unchanged from Phase 1: d4c7ac1713b8b10f9bdac4bb2304b0cd3a5e9c08 / d990dd138577051a66bff8cfb4a79a71ee08a410,"[""d4c7ac1713b8b10f9bdac4bb2304b0cd3a5e9c08""]",HIGH
357,SAFE_TO_CLOSE_ALREADY_IN_MAIN,1/1 API-listed commits reachable from current origin/main,1/1 API-listed commits reachable from current origin/main | 0/0 non-reachable commits have exact stable patch-id matches | origin/main...head paths=0; two-tree paths=3971 | current head/base unchanged from Phase 1: 32dc81a0443c6c6f895d86d76b2f937e11be411d / d4c7ac1713b8b10f9bdac4bb2304b0cd3a5e9c08,"[""32dc81a0443c6c6f895d86d76b2f937e11be411d""]",HIGH
358,SAFE_TO_CLOSE_ALREADY_IN_MAIN,1/1 API-listed commits reachable from current origin/main,1/1 API-listed commits reachable from current origin/main | 0/0 non-reachable commits have exact stable patch-id matches | origin/main...head paths=0; two-tree paths=3965 | current head/base unchanged from Phase 1: 640fa3fc8ed8b9838a4cbeed1674b46eb841bc53 / 32dc81a0443c6c6f895d86d76b2f937e11be411d,"[""640fa3fc8ed8b9838a4cbeed1674b46eb841bc53""]",HIGH
359,SAFE_TO_CLOSE_ALREADY_IN_MAIN,1/1 API-listed commits reachable from current origin/main,1/1 API-listed commits reachable from current origin/main | 0/0 non-reachable commits have exact stable patch-id matches | origin/main...head paths=0; two-tree paths=3954 | current head/base unchanged from Phase 1: 067134585ff2148f2f0259791b43be26bed0ee19 / 640fa3fc8ed8b9838a4cbeed1674b46eb841bc53,"[""067134585ff2148f2f0259791b43be26bed0ee19""]",HIGH
360,SAFE_TO_CLOSE_ALREADY_IN_MAIN,1/1 API-listed commits reachable from current origin/main,1/1 API-listed commits reachable from current origin/main | 0/0 non-reachable commits have exact stable patch-id matches | origin/main...head paths=0; two-tree paths=3944 | current head/base unchanged from Phase 1: 3248ba3f5993d0ff084de4d509e1829a6b8ba3fe / 067134585ff2148f2f0259791b43be26bed0ee19,"[""3248ba3f5993d0ff084de4d509e1829a6b8ba3fe""]",HIGH
361,SAFE_TO_CLOSE_ALREADY_IN_MAIN,1/1 API-listed commits reachable from current origin/main,1/1 API-listed commits reachable from current origin/main | 0/0 non-reachable commits have exact stable patch-id matches | origin/main...head paths=0; two-tree paths=3934 | current head/base unchanged from Phase 1: 52a3b27a40a6701008c4b806e2b35ce99efa21c2 / 3248ba3f5993d0ff084de4d509e1829a6b8ba3fe,"[""52a3b27a40a6701008c4b806e2b35ce99efa21c2""]",HIGH
362,SAFE_TO_CLOSE_ALREADY_IN_MAIN,1/1 API-listed commits reachable from current origin/main,1/1 API-listed commits reachable from current origin/main | 0/0 non-reachable commits have exact stable patch-id matches | origin/main...head paths=0; two-tree paths=3928 | current head/base unchanged from Phase 1: f1414da9ec5e03c71fd68270a4aa2c7930e21324 / 52a3b27a40a6701008c4b806e2b35ce99efa21c2,"[""f1414da9ec5e03c71fd68270a4aa2c7930e21324""]",HIGH
363,SAFE_TO_CLOSE_ALREADY_IN_MAIN,1/1 API-listed commits reachable from current origin/main,1/1 API-listed commits reachable from current origin/main | 0/0 non-reachable commits have exact stable patch-id matches | origin/main...head paths=0; two-tree paths=3915 | current head/base unchanged from Phase 1: 95254223db1c046701e4992d545944fabca2cb2e / f1414da9ec5e03c71fd68270a4aa2c7930e21324,"[""95254223db1c046701e4992d545944fabca2cb2e""]",HIGH
364,SAFE_TO_CLOSE_ALREADY_IN_MAIN,1/1 API-listed commits reachable from current origin/main,1/1 API-listed commits reachable from current origin/main | 0/0 non-reachable commits have exact stable patch-id matches | origin/main...head paths=0; two-tree paths=3910 | current head/base unchanged from Phase 1: acf61d07d116e9a0e49c1f63477bd3c6a3d676af / 95254223db1c046701e4992d545944fabca2cb2e,"[""acf61d07d116e9a0e49c1f63477bd3c6a3d676af""]",HIGH
365,SAFE_TO_CLOSE_ALREADY_IN_MAIN,1/1 API-listed commits reachable from current origin/main,1/1 API-listed commits reachable from current origin/main | 0/0 non-reachable commits have exact stable patch-id matches | origin/main...head paths=0; two-tree paths=3906 | current head/base unchanged from Phase 1: 6bedf2a706dfdcf4db3208b303cc8011ccdf3ae8 / acf61d07d116e9a0e49c1f63477bd3c6a3d676af,"[""6bedf2a706dfdcf4db3208b303cc8011ccdf3ae8""]",HIGH
366,SAFE_TO_CLOSE_ALREADY_IN_MAIN,1/1 API-listed commits reachable from current origin/main,1/1 API-listed commits reachable from current origin/main | 0/0 non-reachable commits have exact stable patch-id matches | origin/main...head paths=0; two-tree paths=3904 | current head/base unchanged from Phase 1: 5d44972a5dc5a43247656adb206b66c3e149a449 / 6bedf2a706dfdcf4db3208b303cc8011ccdf3ae8,"[""5d44972a5dc5a43247656adb206b66c3e149a449""]",HIGH
367,SAFE_TO_CLOSE_ALREADY_IN_MAIN,1/1 API-listed commits reachable from current origin/main,1/1 API-listed commits reachable from current origin/main | 0/0 non-reachable commits have exact stable patch-id matches | origin/main...head paths=0; two-tree paths=3899 | current head/base unchanged from Phase 1: 4b99ceab8329f26189606fa8881d2e62df51cc5a / 5d44972a5dc5a43247656adb206b66c3e149a449,"[""4b99ceab8329f26189606fa8881d2e62df51cc5a""]",HIGH
405,SAFE_TO_CLOSE_ALREADY_IN_MAIN,1/1 API-listed commits reachable from current origin/main,1/1 API-listed commits reachable from current origin/main | 0/0 non-reachable commits have exact stable patch-id matches | origin/main...head paths=0; two-tree paths=3210 | current head/base unchanged from Phase 1: 83b90690f33a57ae5353ef0a3fc7cd68c366f4f6 / 30b16f877ced8be617349bd7d51053a47e4e527b,"[""83b90690f33a57ae5353ef0a3fc7cd68c366f4f6""]",HIGH
406,SAFE_TO_CLOSE_ALREADY_IN_MAIN,1/1 API-listed commits reachable from current origin/main,1/1 API-listed commits reachable from current origin/main | 0/0 non-reachable commits have exact stable patch-id matches | origin/main...head paths=0; two-tree paths=3200 | current head/base unchanged from Phase 1: 800220ce46fb4e3992baf7a77faad241d3c936ba / 83b90690f33a57ae5353ef0a3fc7cd68c366f4f6,"[""800220ce46fb4e3992baf7a77faad241d3c936ba""]",HIGH
407,SAFE_TO_CLOSE_ALREADY_IN_MAIN,1/1 API-listed commits reachable from current origin/main,1/1 API-listed commits reachable from current origin/main | 0/0 non-reachable commits have exact stable patch-id matches | origin/main...head paths=0; two-tree paths=3190 | current head/base unchanged from Phase 1: adb8ea6c5543c6ff2a5d1e701210b3b1147ef54c / 800220ce46fb4e3992baf7a77faad241d3c936ba,"[""adb8ea6c5543c6ff2a5d1e701210b3b1147ef54c""]",HIGH
408,SAFE_TO_CLOSE_ALREADY_IN_MAIN,1/1 API-listed commits reachable from current origin/main,1/1 API-listed commits reachable from current origin/main | 0/0 non-reachable commits have exact stable patch-id matches | origin/main...head paths=0; two-tree paths=3176 | current head/base unchanged from Phase 1: a676bc1b96b5a1256234657a2b052e5188961859 / adb8ea6c5543c6ff2a5d1e701210b3b1147ef54c,"[""a676bc1b96b5a1256234657a2b052e5188961859""]",HIGH
410,SAFE_TO_CLOSE_ALREADY_IN_MAIN,1/1 API-listed commits reachable from current origin/main,1/1 API-listed commits reachable from current origin/main | 0/0 non-reachable commits have exact stable patch-id matches | origin/main...head paths=0; two-tree paths=3169 | current head/base unchanged from Phase 1: 0802eb1677af8c79b7a598acbab652f44b2645b1 / a676bc1b96b5a1256234657a2b052e5188961859,"[""0802eb1677af8c79b7a598acbab652f44b2645b1""]",HIGH
411,SAFE_TO_CLOSE_ALREADY_IN_MAIN,1/1 API-listed commits reachable from current origin/main,1/1 API-listed commits reachable from current origin/main | 0/0 non-reachable commits have exact stable patch-id matches | origin/main...head paths=0; two-tree paths=3157 | current head/base unchanged from Phase 1: 37f427a454cccbeb2572cd6618ffafcc685cd128 / 0802eb1677af8c79b7a598acbab652f44b2645b1,"[""37f427a454cccbeb2572cd6618ffafcc685cd128""]",HIGH
412,SAFE_TO_CLOSE_ALREADY_IN_MAIN,1/1 API-listed commits reachable from current origin/main,1/1 API-listed commits reachable from current origin/main | 0/0 non-reachable commits have exact stable patch-id matches | origin/main...head paths=0; two-tree paths=3152 | current head/base unchanged from Phase 1: 319095027adbf376aeac5de76d50eac967c21a9a / 37f427a454cccbeb2572cd6618ffafcc685cd128,"[""319095027adbf376aeac5de76d50eac967c21a9a""]",HIGH
414,SAFE_TO_CLOSE_ALREADY_IN_MAIN,1/1 API-listed commits reachable from current origin/main,1/1 API-listed commits reachable from current origin/main | 0/0 non-reachable commits have exact stable patch-id matches | origin/main...head paths=0; two-tree paths=3147 | current head/base unchanged from Phase 1: 49f4c17e51d4de0c07bd0be96283b1f782af90a3 / 319095027adbf376aeac5de76d50eac967c21a9a,"[""49f4c17e51d4de0c07bd0be96283b1f782af90a3""]",HIGH
415,SAFE_TO_CLOSE_ALREADY_IN_MAIN,1/1 API-listed commits reachable from current origin/main,1/1 API-listed commits reachable from current origin/main | 0/0 non-reachable commits have exact stable patch-id matches | origin/main...head paths=0; two-tree paths=3143 | current head/base unchanged from Phase 1: 7191b9d269c4cbbdade4005df96a4d63bbad0e4b / 49f4c17e51d4de0c07bd0be96283b1f782af90a3,"[""7191b9d269c4cbbdade4005df96a4d63bbad0e4b""]",HIGH
416,SAFE_TO_CLOSE_ALREADY_IN_MAIN,1/1 API-listed commits reachable from current origin/main,1/1 API-listed commits reachable from current origin/main | 0/0 non-reachable commits have exact stable patch-id matches | origin/main...head paths=0; two-tree paths=3130 | current head/base unchanged from Phase 1: 9ece380c259e186c59a97f4f7b1373af57030398 / 7191b9d269c4cbbdade4005df96a4d63bbad0e4b,"[""9ece380c259e186c59a97f4f7b1373af57030398""]",HIGH
417,SAFE_TO_CLOSE_ALREADY_IN_MAIN,2/2 API-listed commits reachable from current origin/main,2/2 API-listed commits reachable from current origin/main | 0/0 non-reachable commits have exact stable patch-id matches | origin/main...head paths=0; two-tree paths=3123 | current head/base unchanged from Phase 1: d46b798b20db4ff858a06e41729a6eeac6491a19 / 9ece380c259e186c59a97f4f7b1373af57030398,"[""d46b798b20db4ff858a06e41729a6eeac6491a19"",""fa8e3d10b49e822e1b0054bd626a27aacef64ea9""]",HIGH
418,SAFE_TO_CLOSE_ALREADY_IN_MAIN,1/1 API-listed commits reachable from current origin/main,1/1 API-listed commits reachable from current origin/main | 0/0 non-reachable commits have exact stable patch-id matches | origin/main...head paths=0; two-tree paths=3111 | current head/base unchanged from Phase 1: fb43970c9b2e11d66eaafa15e7ffecefb3b26ba3 / d46b798b20db4ff858a06e41729a6eeac6491a19,"[""fb43970c9b2e11d66eaafa15e7ffecefb3b26ba3""]",HIGH
419,SAFE_TO_CLOSE_ALREADY_IN_MAIN,1/1 API-listed commits reachable from current origin/main,1/1 API-listed commits reachable from current origin/main | 0/0 non-reachable commits have exact stable patch-id matches | origin/main...head paths=0; two-tree paths=3101 | current head/base unchanged from Phase 1: 36fcc26b0ebbad595b10b894ac3f900f7e121646 / fb43970c9b2e11d66eaafa15e7ffecefb3b26ba3,"[""36fcc26b0ebbad595b10b894ac3f900f7e121646""]",HIGH
421,SAFE_TO_CLOSE_ALREADY_IN_MAIN,1/1 API-listed commits reachable from current origin/main,1/1 API-listed commits reachable from current origin/main | 0/0 non-reachable commits have exact stable patch-id matches | origin/main...head paths=0; two-tree paths=3089 | current head/base unchanged from Phase 1: aad9c76dd9fc6e961ecb4afff462474fea8a1413 / 36fcc26b0ebbad595b10b894ac3f900f7e121646,"[""aad9c76dd9fc6e961ecb4afff462474fea8a1413""]",HIGH
422,SAFE_TO_CLOSE_ALREADY_IN_MAIN,1/1 API-listed commits reachable from current origin/main,1/1 API-listed commits reachable from current origin/main | 0/0 non-reachable commits have exact stable patch-id matches | origin/main...head paths=0; two-tree paths=3083 | current head/base unchanged from Phase 1: 9cc5857e5d32adeeec11765f955d81966b442766 / aad9c76dd9fc6e961ecb4afff462474fea8a1413,"[""9cc5857e5d32adeeec11765f955d81966b442766""]",HIGH
423,SAFE_TO_CLOSE_ALREADY_IN_MAIN,1/1 API-listed commits reachable from current origin/main,1/1 API-listed commits reachable from current origin/main | 0/0 non-reachable commits have exact stable patch-id matches | origin/main...head paths=0; two-tree paths=3076 | current head/base unchanged from Phase 1: fd90a6d10bfa642d629cfc80719c57e858cfca4c / 9cc5857e5d32adeeec11765f955d81966b442766,"[""fd90a6d10bfa642d629cfc80719c57e858cfca4c""]",HIGH
424,SAFE_TO_CLOSE_ALREADY_IN_MAIN,2/2 API-listed commits reachable from current origin/main,2/2 API-listed commits reachable from current origin/main | 0/0 non-reachable commits have exact stable patch-id matches | origin/main...head paths=0; two-tree paths=3070 | current head/base unchanged from Phase 1: bdd021e9f60dd77b79f5878d90aff7207002ec6c / fd90a6d10bfa642d629cfc80719c57e858cfca4c,"[""8a0778a2742a4a8fc88a00f1e568eefd54a6610b"",""bdd021e9f60dd77b79f5878d90aff7207002ec6c""]",HIGH
425,SAFE_TO_CLOSE_ALREADY_IN_MAIN,1/1 API-listed commits reachable from current origin/main,1/1 API-listed commits reachable from current origin/main | 0/0 non-reachable commits have exact stable patch-id matches | origin/main...head paths=0; two-tree paths=3064 | current head/base unchanged from Phase 1: 3fb448b6da6d11ee35e4ab1de51f6e5b94e9ffa3 / bdd021e9f60dd77b79f5878d90aff7207002ec6c,"[""3fb448b6da6d11ee35e4ab1de51f6e5b94e9ffa3""]",HIGH
426,SAFE_TO_CLOSE_ALREADY_IN_MAIN,1/1 API-listed commits reachable from current origin/main,1/1 API-listed commits reachable from current origin/main | 0/0 non-reachable commits have exact stable patch-id matches | origin/main...head paths=0; two-tree paths=3058 | current head/base unchanged from Phase 1: 5b38dbd3f4138b7282e66ba16f850fe50446cb32 / 3fb448b6da6d11ee35e4ab1de51f6e5b94e9ffa3,"[""5b38dbd3f4138b7282e66ba16f850fe50446cb32""]",HIGH
428,SAFE_TO_CLOSE_ALREADY_IN_MAIN,1/1 API-listed commits reachable from current origin/main,1/1 API-listed commits reachable from current origin/main | 0/0 non-reachable commits have exact stable patch-id matches | origin/main...head paths=0; two-tree paths=3052 | current head/base unchanged from Phase 1: bb357d0ceaae8ad79647f7eb91d3d5629e26d6fc / 5b38dbd3f4138b7282e66ba16f850fe50446cb32,"[""bb357d0ceaae8ad79647f7eb91d3d5629e26d6fc""]",HIGH
429,SAFE_TO_CLOSE_ALREADY_IN_MAIN,2/2 API-listed commits reachable from current origin/main,2/2 API-listed commits reachable from current origin/main | 0/0 non-reachable commits have exact stable patch-id matches | origin/main...head paths=0; two-tree paths=3046 | current head/base unchanged from Phase 1: 41fec98447926f15e0cf6862dd2f0de334f5e849 / bb357d0ceaae8ad79647f7eb91d3d5629e26d6fc,"[""41fec98447926f15e0cf6862dd2f0de334f5e849"",""dfc3d47328920fffe13625a20501bf825de1cbf6""]",HIGH
430,SAFE_TO_CLOSE_ALREADY_IN_MAIN,2/2 API-listed commits reachable from current origin/main,2/2 API-listed commits reachable from current origin/main | 0/0 non-reachable commits have exact stable patch-id matches | origin/main...head paths=0; two-tree paths=3040 | current head/base unchanged from Phase 1: 168dd825f71ebb5fe21b470d474ba67df8e1c886 / 41fec98447926f15e0cf6862dd2f0de334f5e849,"[""167aaba8f98bae3d28d9a778a9a5a952a4fd3780"",""168dd825f71ebb5fe21b470d474ba67df8e1c886""]",HIGH
431,SAFE_TO_CLOSE_ALREADY_IN_MAIN,1/1 API-listed commits reachable from current origin/main,1/1 API-listed commits reachable from current origin/main | 0/0 non-reachable commits have exact stable patch-id matches | origin/main...head paths=0; two-tree paths=3034 | current head/base unchanged from Phase 1: cf6a4bcae196d060d8e0a1e3c67e87124e95d8ff / 168dd825f71ebb5fe21b470d474ba67df8e1c886,"[""cf6a4bcae196d060d8e0a1e3c67e87124e95d8ff""]",HIGH
432,SAFE_TO_CLOSE_ALREADY_IN_MAIN,1/1 API-listed commits reachable from current origin/main,1/1 API-listed commits reachable from current origin/main | 0/0 non-reachable commits have exact stable patch-id matches | origin/main...head paths=0; two-tree paths=3030 | current head/base unchanged from Phase 1: a610f375802ba218fb6b35ddba556f8317301e60 / cf6a4bcae196d060d8e0a1e3c67e87124e95d8ff,"[""a610f375802ba218fb6b35ddba556f8317301e60""]",HIGH
433,SAFE_TO_CLOSE_ALREADY_IN_MAIN,1/1 API-listed commits reachable from current origin/main,1/1 API-listed commits reachable from current origin/main | 0/0 non-reachable commits have exact stable patch-id matches | origin/main...head paths=0; two-tree paths=3020 | current head/base unchanged from Phase 1: dcf4440562d6231bf5fdeb18ea97c38e4eccd3d2 / a610f375802ba218fb6b35ddba556f8317301e60,"[""dcf4440562d6231bf5fdeb18ea97c38e4eccd3d2""]",HIGH
434,SAFE_TO_CLOSE_ALREADY_IN_MAIN,1/1 API-listed commits reachable from current origin/main,1/1 API-listed commits reachable from current origin/main | 0/0 non-reachable commits have exact stable patch-id matches | origin/main...head paths=0; two-tree paths=3008 | current head/base unchanged from Phase 1: a66af18654a4464544c367fecf656b0353c57386 / dcf4440562d6231bf5fdeb18ea97c38e4eccd3d2,"[""a66af18654a4464544c367fecf656b0353c57386""]",HIGH
435,SAFE_TO_CLOSE_ALREADY_IN_MAIN,1/1 API-listed commits reachable from current origin/main,1/1 API-listed commits reachable from current origin/main | 0/0 non-reachable commits have exact stable patch-id matches | origin/main...head paths=0; two-tree paths=3003 | current head/base unchanged from Phase 1: 60181e4d28d8702a8845efeac48b091ecdb00aa4 / a66af18654a4464544c367fecf656b0353c57386,"[""60181e4d28d8702a8845efeac48b091ecdb00aa4""]",HIGH
436,SAFE_TO_CLOSE_ALREADY_IN_MAIN,1/1 API-listed commits reachable from current origin/main,1/1 API-listed commits reachable from current origin/main | 0/0 non-reachable commits have exact stable patch-id matches | origin/main...head paths=0; two-tree paths=2995 | current head/base unchanged from Phase 1: 916d6cb0a6cb35698ac817589e2577efedbe6f4d / 60181e4d28d8702a8845efeac48b091ecdb00aa4,"[""916d6cb0a6cb35698ac817589e2577efedbe6f4d""]",HIGH
437,SAFE_TO_CLOSE_ALREADY_IN_MAIN,1/1 API-listed commits reachable from current origin/main,1/1 API-listed commits reachable from current origin/main | 0/0 non-reachable commits have exact stable patch-id matches | origin/main...head paths=0; two-tree paths=2986 | current head/base unchanged from Phase 1: c06ec4d92cddbb52cbf78960f03aa47878fbc8ea / 916d6cb0a6cb35698ac817589e2577efedbe6f4d,"[""c06ec4d92cddbb52cbf78960f03aa47878fbc8ea""]",HIGH
438,SAFE_TO_CLOSE_ALREADY_IN_MAIN,1/1 API-listed commits reachable from current origin/main,1/1 API-listed commits reachable from current origin/main | 0/0 non-reachable commits have exact stable patch-id matches | origin/main...head paths=0; two-tree paths=2984 | current head/base unchanged from Phase 1: a0b249dcdffcac1a268a39782a34f874c8a49d9a / c06ec4d92cddbb52cbf78960f03aa47878fbc8ea,"[""a0b249dcdffcac1a268a39782a34f874c8a49d9a""]",HIGH
439,SAFE_TO_CLOSE_ALREADY_IN_MAIN,1/1 API-listed commits reachable from current origin/main,1/1 API-listed commits reachable from current origin/main | 0/0 non-reachable commits have exact stable patch-id matches | origin/main...head paths=0; two-tree paths=2978 | current head/base unchanged from Phase 1: 7d80df837401144e54a74a496bb37cdc254c79df / a0b249dcdffcac1a268a39782a34f874c8a49d9a,"[""7d80df837401144e54a74a496bb37cdc254c79df""]",HIGH
440,SAFE_TO_CLOSE_ALREADY_IN_MAIN,1/1 API-listed commits reachable from current origin/main,1/1 API-listed commits reachable from current origin/main | 0/0 non-reachable commits have exact stable patch-id matches | origin/main...head paths=0; two-tree paths=2974 | current head/base unchanged from Phase 1: bc3c9216f770bf222fd2ee352bdac0c693f1c253 / 7d80df837401144e54a74a496bb37cdc254c79df,"[""bc3c9216f770bf222fd2ee352bdac0c693f1c253""]",HIGH
441,SAFE_TO_CLOSE_ALREADY_IN_MAIN,2/2 API-listed commits reachable from current origin/main,2/2 API-listed commits reachable from current origin/main | 0/0 non-reachable commits have exact stable patch-id matches | origin/main...head paths=0; two-tree paths=2968 | current head/base unchanged from Phase 1: 7fd9ac4742c5130b20e707ed8de611e1e293de8f / bc3c9216f770bf222fd2ee352bdac0c693f1c253,"[""2c55533f6f9f5161372e0a3fd558b8f0e05c3d66"",""7fd9ac4742c5130b20e707ed8de611e1e293de8f""]",HIGH
442,SAFE_TO_CLOSE_ALREADY_IN_MAIN,1/1 API-listed commits reachable from current origin/main,1/1 API-listed commits reachable from current origin/main | 0/0 non-reachable commits have exact stable patch-id matches | origin/main...head paths=0; two-tree paths=2963 | current head/base unchanged from Phase 1: f4f6485b8f5c355f13dab476cad26fd1577c049b / 7fd9ac4742c5130b20e707ed8de611e1e293de8f,"[""f4f6485b8f5c355f13dab476cad26fd1577c049b""]",HIGH
443,SAFE_TO_CLOSE_ALREADY_IN_MAIN,1/1 API-listed commits reachable from current origin/main,1/1 API-listed commits reachable from current origin/main | 0/0 non-reachable commits have exact stable patch-id matches | origin/main...head paths=0; two-tree paths=2956 | current head/base unchanged from Phase 1: 68f96801b42e8ccf94cfd2f8bfab1ff9c63e3d71 / f4f6485b8f5c355f13dab476cad26fd1577c049b,"[""68f96801b42e8ccf94cfd2f8bfab1ff9c63e3d71""]",HIGH
444,SAFE_TO_CLOSE_ALREADY_IN_MAIN,1/1 API-listed commits reachable from current origin/main,1/1 API-listed commits reachable from current origin/main | 0/0 non-reachable commits have exact stable patch-id matches | origin/main...head paths=0; two-tree paths=2940 | current head/base unchanged from Phase 1: 343eb2bc5546a2e9747b0f687d4a009883058c81 / 68f96801b42e8ccf94cfd2f8bfab1ff9c63e3d71,"[""343eb2bc5546a2e9747b0f687d4a009883058c81""]",HIGH
447,SAFE_TO_CLOSE_ALREADY_IN_MAIN,2/2 API-listed commits reachable from current origin/main,2/2 API-listed commits reachable from current origin/main | 0/0 non-reachable commits have exact stable patch-id matches | origin/main...head paths=0; two-tree paths=2911 | current head/base unchanged from Phase 1: b6eb3d85145ffd16d7b5b368ac457435a98b9410 / 2510d8b10c82a0310bb1a3fe09180234b0cc5d84,"[""b6eb3d85145ffd16d7b5b368ac457435a98b9410"",""fc4debb8c5745043babbda376d73926d42156de4""]",HIGH
449,SAFE_TO_CLOSE_ALREADY_IN_MAIN,1/1 API-listed commits reachable from current origin/main,1/1 API-listed commits reachable from current origin/main | 0/0 non-reachable commits have exact stable patch-id matches | origin/main...head paths=0; two-tree paths=2898 | current head/base unchanged from Phase 1: 9d8e6ac144646a9601856513012b322496587ecb / b6eb3d85145ffd16d7b5b368ac457435a98b9410,"[""9d8e6ac144646a9601856513012b322496587ecb""]",HIGH
451,SAFE_TO_CLOSE_ALREADY_IN_MAIN,1/1 API-listed commits reachable from current origin/main,1/1 API-listed commits reachable from current origin/main | 0/0 non-reachable commits have exact stable patch-id matches | origin/main...head paths=0; two-tree paths=2890 | current head/base unchanged from Phase 1: 93c1b943910ff1a78ee7a1279114af800cfba750 / 9d8e6ac144646a9601856513012b322496587ecb,"[""93c1b943910ff1a78ee7a1279114af800cfba750""]",HIGH
471,SAFE_TO_CLOSE_ALREADY_IN_MAIN,1/1 API-listed commits reachable from current origin/main,1/1 API-listed commits reachable from current origin/main | 0/0 non-reachable commits have exact stable patch-id matches | origin/main...head paths=0; two-tree paths=2812 | current head/base unchanged from Phase 1: e5e8acfbb3443f1ea6cf901f0b41646878b5885e / 7abeb51d3028cf8acbbd9f5fa31628f721008ae3,"[""e5e8acfbb3443f1ea6cf901f0b41646878b5885e""]",HIGH
474,SAFE_TO_CLOSE_ALREADY_IN_MAIN,1/1 API-listed commits reachable from current origin/main,1/1 API-listed commits reachable from current origin/main | 0/0 non-reachable commits have exact stable patch-id matches | origin/main...head paths=0; two-tree paths=2800 | current head/base unchanged from Phase 1: 506e49c032b012aaa3643b971f69c7f009077645 / e5e8acfbb3443f1ea6cf901f0b41646878b5885e,"[""506e49c032b012aaa3643b971f69c7f009077645""]",HIGH
476,SAFE_TO_CLOSE_ALREADY_IN_MAIN,1/1 API-listed commits reachable from current origin/main,1/1 API-listed commits reachable from current origin/main | 0/0 non-reachable commits have exact stable patch-id matches | origin/main...head paths=0; two-tree paths=2799 | current head/base unchanged from Phase 1: 4649f8c9d76b23950770406530029e233f20a3c5 / 506e49c032b012aaa3643b971f69c7f009077645,"[""4649f8c9d76b23950770406530029e233f20a3c5""]",HIGH
480,SAFE_TO_CLOSE_ALREADY_IN_MAIN,2/2 API-listed commits reachable from current origin/main,2/2 API-listed commits reachable from current origin/main | 0/0 non-reachable commits have exact stable patch-id matches | origin/main...head paths=0; two-tree paths=2765 | current head/base unchanged from Phase 1: 9f62f9dc3b160a5f1c6902bb01bc9ec4be75d2a8 / 4649f8c9d76b23950770406530029e233f20a3c5,"[""962123f59d47d4658aa97f864f12fe1d20603c73"",""9f62f9dc3b160a5f1c6902bb01bc9ec4be75d2a8""]",HIGH
557,SAFE_TO_CLOSE_ALREADY_IN_MAIN,1/1 API-listed commits reachable from current origin/main,1/1 API-listed commits reachable from current origin/main | 0/0 non-reachable commits have exact stable patch-id matches | origin/main...head paths=0; two-tree paths=2191 | current head/base unchanged from Phase 1: 0a9c9a9132c8932263be1d9c5e390f0ead5a0549 / 954a50deb697237806eb09be09a954d83c361cbd,"[""0a9c9a9132c8932263be1d9c5e390f0ead5a0549""]",HIGH
558,SAFE_TO_CLOSE_ALREADY_IN_MAIN,2/2 API-listed commits reachable from current origin/main,2/2 API-listed commits reachable from current origin/main | 0/0 non-reachable commits have exact stable patch-id matches | origin/main...head paths=0; two-tree paths=2187 | current head/base unchanged from Phase 1: 45a81bd6d85394583c5ad319af7010226e392242 / 954a50deb697237806eb09be09a954d83c361cbd,"[""0a9c9a9132c8932263be1d9c5e390f0ead5a0549"",""45a81bd6d85394583c5ad319af7010226e392242""]",HIGH
559,SAFE_TO_CLOSE_ALREADY_IN_MAIN,3/3 API-listed commits reachable from current origin/main,3/3 API-listed commits reachable from current origin/main | 0/0 non-reachable commits have exact stable patch-id matches | origin/main...head paths=0; two-tree paths=2184 | current head/base unchanged from Phase 1: 08c68b263768e5fcd337045525128332235c95fa / 954a50deb697237806eb09be09a954d83c361cbd,"[""08c68b263768e5fcd337045525128332235c95fa"",""0a9c9a9132c8932263be1d9c5e390f0ead5a0549"",""45a81bd6d85394583c5ad319af7010226e392242""]",HIGH
560,SAFE_TO_CLOSE_ALREADY_IN_MAIN,4/4 API-listed commits reachable from current origin/main,4/4 API-listed commits reachable from current origin/main | 0/0 non-reachable commits have exact stable patch-id matches | origin/main...head paths=0; two-tree paths=2179 | current head/base unchanged from Phase 1: cf01dd4b649efffb89a2703f0521b25989ad22e1 / 954a50deb697237806eb09be09a954d83c361cbd,"[""08c68b263768e5fcd337045525128332235c95fa"",""0a9c9a9132c8932263be1d9c5e390f0ead5a0549"",""45a81bd6d85394583c5ad319af7010226e392242"",""cf01dd4b649efffb89a2703f0521b25989ad22e1""]",HIGH
561,SAFE_TO_CLOSE_ALREADY_IN_MAIN,5/5 API-listed commits reachable from current origin/main,5/5 API-listed commits reachable from current origin/main | 0/0 non-reachable commits have exact stable patch-id matches | origin/main...head paths=0; two-tree paths=2170 | current head/base unchanged from Phase 1: 6040961795a26e6d8b0b1f0a818f8b312d396e54 / 954a50deb697237806eb09be09a954d83c361cbd,"[""08c68b263768e5fcd337045525128332235c95fa"",""0a9c9a9132c8932263be1d9c5e390f0ead5a0549"",""45a81bd6d85394583c5ad319af7010226e392242"",""6040961795a26e6d8b0b1f0a818f8b312d396e54"",""cf01dd4b649efffb89a2703f0521b25989ad22e1""]",HIGH
562,SAFE_TO_CLOSE_ALREADY_IN_MAIN,7/7 API-listed commits reachable from current origin/main,7/7 API-listed commits reachable from current origin/main | 0/0 non-reachable commits have exact stable patch-id matches | origin/main...head paths=0; two-tree paths=2157 | current head/base unchanged from Phase 1: 883449b2c2e861340a7b581c1dc431c2a25cadfd / 954a50deb697237806eb09be09a954d83c361cbd,"[""08c68b263768e5fcd337045525128332235c95fa"",""0a9c9a9132c8932263be1d9c5e390f0ead5a0549"",""45a81bd6d85394583c5ad319af7010226e392242"",""6040961795a26e6d8b0b1f0a818f8b312d396e54"",""7cb2b40cf3886caed7b9b911b400fc1185529727"",""883449b2c2e861340a7b581c1dc431c2a25cadfd"",""cf01dd4b649efffb89a2703f0521b25989ad22e1""]",HIGH
563,SAFE_TO_CLOSE_ALREADY_IN_MAIN,7/7 API-listed commits reachable from current origin/main,7/7 API-listed commits reachable from current origin/main | 0/0 non-reachable commits have exact stable patch-id matches | origin/main...head paths=0; two-tree paths=2095 | current head/base unchanged from Phase 1: 8a16d2bc0858d6f8085c992edd668aab15cc4a75 / 883449b2c2e861340a7b581c1dc431c2a25cadfd,"[""0a2f20b7fb15d5691303b0b0eb8c2613769ed293"",""496e8cddcbe32400ba6b73dcd4ed6a01174f7477"",""8a16d2bc0858d6f8085c992edd668aab15cc4a75"",""96ace8689ab4fa1ea2fce1e6a2902e1a9b613d1b"",""c07e6576779d7203d8240af32efc217e52529203"",""e4483f8ea8ba32cca50765384a37cefed33ebd31"",""f82e678ee2b9f16a6f0faad8188e9e02481503a3""]",HIGH
566,SAFE_TO_CLOSE_PATCH_EQUIVALENT,1/1 non-reachable commits have exact stable patch-id matches,0/1 API-listed commits reachable from current origin/main | 1/1 non-reachable commits have exact stable patch-id matches | origin/main...head paths=7; two-tree paths=2248 | current head/base unchanged from Phase 1: 7855a17914ba5f2c31b247290ed8c6cc53819aea / 06d5642b310b8a81c34c98f9fd9feb320017f92f,"[""06d5642b310b8a81c34c98f9fd9feb320017f92f""]",HIGH
568,SAFE_TO_CLOSE_ALREADY_IN_MAIN,3/3 API-listed commits reachable from current origin/main,3/3 API-listed commits reachable from current origin/main | 0/0 non-reachable commits have exact stable patch-id matches | origin/main...head paths=0; two-tree paths=2192 | current head/base unchanged from Phase 1: 6ee3a6bd15ab00a0e60b24d3514a25363fde7b7f / b2a4003b8d6f1b190074b368a5c8d166fc29f9ec,"[""11a601c0e0def5eeb7756c3dd2f34f9df2db0a5d"",""6ee3a6bd15ab00a0e60b24d3514a25363fde7b7f"",""d9a63e7f8f100928dde5ad3aa92fb556ce0ce838""]",HIGH
598,SAFE_TO_CLOSE_ALREADY_IN_MAIN,1/1 API-listed commits reachable from current origin/main,1/1 API-listed commits reachable from current origin/main | 0/0 non-reachable commits have exact stable patch-id matches | origin/main...head paths=0; two-tree paths=2046 | current head/base unchanged from Phase 1: ce9fcc34de4fd82fb40e6544d8219b8ddd237707 / ac0ec53a34d2aed954fca3c72e11a96220255164,"[""ce9fcc34de4fd82fb40e6544d8219b8ddd237707""]",HIGH
599,SAFE_TO_CLOSE_ALREADY_IN_MAIN,1/1 API-listed commits reachable from current origin/main,1/1 API-listed commits reachable from current origin/main | 0/0 non-reachable commits have exact stable patch-id matches | origin/main...head paths=0; two-tree paths=2040 | current head/base unchanged from Phase 1: 8e76950b95d35c1a08a40fcc03664bd1228510e1 / ce9fcc34de4fd82fb40e6544d8219b8ddd237707,"[""8e76950b95d35c1a08a40fcc03664bd1228510e1""]",HIGH
600,SAFE_TO_CLOSE_ALREADY_IN_MAIN,1/1 API-listed commits reachable from current origin/main,1/1 API-listed commits reachable from current origin/main | 0/0 non-reachable commits have exact stable patch-id matches | origin/main...head paths=0; two-tree paths=2040 | current head/base unchanged from Phase 1: b67aaf39948526eba8146ac57b0ee5b51eae7f3a / 8e76950b95d35c1a08a40fcc03664bd1228510e1,"[""b67aaf39948526eba8146ac57b0ee5b51eae7f3a""]",HIGH
601,SAFE_TO_CLOSE_ALREADY_IN_MAIN,1/1 API-listed commits reachable from current origin/main,1/1 API-listed commits reachable from current origin/main | 0/0 non-reachable commits have exact stable patch-id matches | origin/main...head paths=0; two-tree paths=2040 | current head/base unchanged from Phase 1: e46291cc36d880a1921df32ab760d0608e03ffd4 / b67aaf39948526eba8146ac57b0ee5b51eae7f3a,"[""e46291cc36d880a1921df32ab760d0608e03ffd4""]",HIGH
602,SAFE_TO_CLOSE_ALREADY_IN_MAIN,1/1 API-listed commits reachable from current origin/main,1/1 API-listed commits reachable from current origin/main | 0/0 non-reachable commits have exact stable patch-id matches | origin/main...head paths=0; two-tree paths=2039 | current head/base unchanged from Phase 1: 7b43c772615da719f9be98b0600d4c1b75881961 / e46291cc36d880a1921df32ab760d0608e03ffd4,"[""7b43c772615da719f9be98b0600d4c1b75881961""]",HIGH
603,SAFE_TO_CLOSE_ALREADY_IN_MAIN,1/1 API-listed commits reachable from current origin/main,1/1 API-listed commits reachable from current origin/main | 0/0 non-reachable commits have exact stable patch-id matches | origin/main...head paths=0; two-tree paths=2039 | current head/base unchanged from Phase 1: 5db233db9502de96aa5b9253999e29d680726a3f / 7b43c772615da719f9be98b0600d4c1b75881961,"[""5db233db9502de96aa5b9253999e29d680726a3f""]",HIGH
604,SAFE_TO_CLOSE_ALREADY_IN_MAIN,1/1 API-listed commits reachable from current origin/main,1/1 API-listed commits reachable from current origin/main | 0/0 non-reachable commits have exact stable patch-id matches | origin/main...head paths=0; two-tree paths=2037 | current head/base unchanged from Phase 1: 1bb275c6013d44340244187d5a6b67a5980ce788 / 5db233db9502de96aa5b9253999e29d680726a3f,"[""1bb275c6013d44340244187d5a6b67a5980ce788""]",HIGH
605,SAFE_TO_CLOSE_ALREADY_IN_MAIN,1/1 API-listed commits reachable from current origin/main,1/1 API-listed commits reachable from current origin/main | 0/0 non-reachable commits have exact stable patch-id matches | origin/main...head paths=0; two-tree paths=2024 | current head/base unchanged from Phase 1: 44efd5e12b8c98471522640b84110df7481948eb / 1bb275c6013d44340244187d5a6b67a5980ce788,"[""44efd5e12b8c98471522640b84110df7481948eb""]",HIGH
606,SAFE_TO_CLOSE_ALREADY_IN_MAIN,1/1 API-listed commits reachable from current origin/main,1/1 API-listed commits reachable from current origin/main | 0/0 non-reachable commits have exact stable patch-id matches | origin/main...head paths=0; two-tree paths=2021 | current head/base unchanged from Phase 1: cf15f9a540efdfac8decf1c93b655d9a280bf018 / 44efd5e12b8c98471522640b84110df7481948eb,"[""cf15f9a540efdfac8decf1c93b655d9a280bf018""]",HIGH
607,SAFE_TO_CLOSE_ALREADY_IN_MAIN,1/1 API-listed commits reachable from current origin/main,1/1 API-listed commits reachable from current origin/main | 0/0 non-reachable commits have exact stable patch-id matches | origin/main...head paths=0; two-tree paths=2013 | current head/base unchanged from Phase 1: 35d51f051cab929fe51eca3765a85cd67d1643d9 / cf15f9a540efdfac8decf1c93b655d9a280bf018,"[""35d51f051cab929fe51eca3765a85cd67d1643d9""]",HIGH
608,SAFE_TO_CLOSE_ALREADY_IN_MAIN,1/1 API-listed commits reachable from current origin/main,1/1 API-listed commits reachable from current origin/main | 0/0 non-reachable commits have exact stable patch-id matches | origin/main...head paths=0; two-tree paths=2012 | current head/base unchanged from Phase 1: bb57db39622957607a47d2d2a19d99325cf7f20a / 35d51f051cab929fe51eca3765a85cd67d1643d9,"[""bb57db39622957607a47d2d2a19d99325cf7f20a""]",HIGH
609,SAFE_TO_CLOSE_ALREADY_IN_MAIN,1/1 API-listed commits reachable from current origin/main,1/1 API-listed commits reachable from current origin/main | 0/0 non-reachable commits have exact stable patch-id matches | origin/main...head paths=0; two-tree paths=2009 | current head/base unchanged from Phase 1: 5e2c19bbb287a17ccddbe51b94e56d778d672773 / bb57db39622957607a47d2d2a19d99325cf7f20a,"[""5e2c19bbb287a17ccddbe51b94e56d778d672773""]",HIGH
610,SAFE_TO_CLOSE_ALREADY_IN_MAIN,1/1 API-listed commits reachable from current origin/main,1/1 API-listed commits reachable from current origin/main | 0/0 non-reachable commits have exact stable patch-id matches | origin/main...head paths=0; two-tree paths=2005 | current head/base unchanged from Phase 1: 18f9ea2407c27c8e3ce0c875c32117c77b19b1c5 / 5e2c19bbb287a17ccddbe51b94e56d778d672773,"[""18f9ea2407c27c8e3ce0c875c32117c77b19b1c5""]",HIGH
614,SAFE_TO_CLOSE_ALREADY_IN_MAIN,2/2 API-listed commits reachable from current origin/main,2/2 API-listed commits reachable from current origin/main | 0/0 non-reachable commits have exact stable patch-id matches | origin/main...head paths=0; two-tree paths=2002 | current head/base unchanged from Phase 1: e640fe55719a31b64cf8170fd4f6cb39dd10c2f3 / 439ed532c6179ec2afb8bdda49ae1ee8743c6796,"[""e640fe55719a31b64cf8170fd4f6cb39dd10c2f3"",""ffef86a9545aa23525a17c1b055b5a9f421ea825""]",HIGH
615,SAFE_TO_CLOSE_ALREADY_IN_MAIN,1/1 API-listed commits reachable from current origin/main,1/1 API-listed commits reachable from current origin/main | 0/0 non-reachable commits have exact stable patch-id matches | origin/main...head paths=0; two-tree paths=2002 | current head/base unchanged from Phase 1: bbbf138384a9ba55ba37806185a1d8fa5ac3b799 / e640fe55719a31b64cf8170fd4f6cb39dd10c2f3,"[""bbbf138384a9ba55ba37806185a1d8fa5ac3b799""]",HIGH
626,SAFE_TO_CLOSE_PATCH_EQUIVALENT,1/1 non-reachable commits have exact stable patch-id matches,19/20 API-listed commits reachable from current origin/main | 1/1 non-reachable commits have exact stable patch-id matches | origin/main...head paths=14; two-tree paths=1930 | current head/base unchanged from Phase 1: 5ce48480e291128f6110bd33600d6949fa2d7a13 / 5e806d364a50265fb4b0daf7f9cfea50c498bffb,"[""08c9d721ae3f983cbbe517856e48fcf7715a4b8b"",""09c8f0a21fe436f6869b61c7f9fdf696238903a4"",""0f99ce41b5a26c6b46a95d6a7f63efd2a15a65ac"",""284aaf6b487897e9a8d7caa4274eef03f605a5eb"",""2ebb713a827f9710f33ec60073bd5cd96ce20c68"",""35d54bd7e653bfade50be8ab106c353a60053d4d"",""3aab7d52775e0b41739a1de78f32a81631db7d47"",""481c1565dde19cef2aa8dc6e9643d9b928b6fda6"",""68150912577863074dd550633fb0275ca62b9ebc"",""6967f3e2af2ff82bbf5a45387fba21ba25c08b4a"",""6e320e44ce7bc640a7c213605329af20808d8f65"",""778353b2f5a78fd38e62484c8783603ccb31a6f6"",""88d1a0f56667bbdc7c87917b8ed95e9e6fc908c1"",""8f4031ba6843233a93cc7eeb55e2b5086861a571"",""903edffba2e9b17334227df49f4bd46bd895f670"",""ba13a800f4c4c98b7650df50c8cc2b193529339e"",""bc1ed0762f0eeb1c1b89c9bc52a997b3cf72b879"",""c3166e3efba83871ec4200a4f6ba37db3e2acbab"",""ceae35bbcbecc10de39820843e7eb015b1ca4f19"",""cf692d9d2800e39d320035925c2386021c2b50ef""]",HIGH
642,SAFE_TO_CLOSE_ALREADY_IN_MAIN,1/1 API-listed commits reachable from current origin/main,1/1 API-listed commits reachable from current origin/main | 0/0 non-reachable commits have exact stable patch-id matches | origin/main...head paths=0; two-tree paths=1849 | current head/base unchanged from Phase 1: 526f2ec77fbb46c77646a71b66872d70c122311b / 332bb499734edad4258dc3aa4d398f677fea1b12,"[""526f2ec77fbb46c77646a71b66872d70c122311b""]",HIGH
643,SAFE_TO_CLOSE_ALREADY_IN_MAIN,1/1 API-listed commits reachable from current origin/main,1/1 API-listed commits reachable from current origin/main | 0/0 non-reachable commits have exact stable patch-id matches | origin/main...head paths=0; two-tree paths=1843 | current head/base unchanged from Phase 1: 7839a2d788b22645c63d51ed52899e8009105c95 / 526f2ec77fbb46c77646a71b66872d70c122311b,"[""7839a2d788b22645c63d51ed52899e8009105c95""]",HIGH
644,SAFE_TO_CLOSE_ALREADY_IN_MAIN,1/1 API-listed commits reachable from current origin/main,1/1 API-listed commits reachable from current origin/main | 0/0 non-reachable commits have exact stable patch-id matches | origin/main...head paths=0; two-tree paths=1838 | current head/base unchanged from Phase 1: 40312e780339ee5718666e76e195c0c71c3e40f1 / 7839a2d788b22645c63d51ed52899e8009105c95,"[""40312e780339ee5718666e76e195c0c71c3e40f1""]",HIGH
645,SAFE_TO_CLOSE_ALREADY_IN_MAIN,1/1 API-listed commits reachable from current origin/main,1/1 API-listed commits reachable from current origin/main | 0/0 non-reachable commits have exact stable patch-id matches | origin/main...head paths=0; two-tree paths=1828 | current head/base unchanged from Phase 1: 6eb605395e6bd0e3f8ea1d683273d91de4c402d9 / 40312e780339ee5718666e76e195c0c71c3e40f1,"[""6eb605395e6bd0e3f8ea1d683273d91de4c402d9""]",HIGH
646,SAFE_TO_CLOSE_ALREADY_IN_MAIN,1/1 API-listed commits reachable from current origin/main,1/1 API-listed commits reachable from current origin/main | 0/0 non-reachable commits have exact stable patch-id matches | origin/main...head paths=0; two-tree paths=1822 | current head/base unchanged from Phase 1: e25bce2a3e3bd13bcffd4c774e54a058cbb0cd59 / 6eb605395e6bd0e3f8ea1d683273d91de4c402d9,"[""e25bce2a3e3bd13bcffd4c774e54a058cbb0cd59""]",HIGH
647,SAFE_TO_CLOSE_ALREADY_IN_MAIN,2/2 API-listed commits reachable from current origin/main,2/2 API-listed commits reachable from current origin/main | 0/0 non-reachable commits have exact stable patch-id matches | origin/main...head paths=0; two-tree paths=1802 | current head/base unchanged from Phase 1: 2b793e7e756856aabe4fef394531760e8eb9c297 / e25bce2a3e3bd13bcffd4c774e54a058cbb0cd59,"[""2b793e7e756856aabe4fef394531760e8eb9c297"",""f9c6418c4d4cc56b3702ea7b37fab6fc42251a94""]",HIGH
648,SAFE_TO_CLOSE_ALREADY_IN_MAIN,1/1 API-listed commits reachable from current origin/main,1/1 API-listed commits reachable from current origin/main | 0/0 non-reachable commits have exact stable patch-id matches | origin/main...head paths=0; two-tree paths=1791 | current head/base unchanged from Phase 1: aecf9f38d11c92e6caaf5c4d562434e5d99d8095 / 2b793e7e756856aabe4fef394531760e8eb9c297,"[""aecf9f38d11c92e6caaf5c4d562434e5d99d8095""]",HIGH
649,SAFE_TO_CLOSE_ALREADY_IN_MAIN,1/1 API-listed commits reachable from current origin/main,1/1 API-listed commits reachable from current origin/main | 0/0 non-reachable commits have exact stable patch-id matches | origin/main...head paths=0; two-tree paths=1763 | current head/base unchanged from Phase 1: 214d5812f67cfb5549390301dbed519a3ed81a2e / aecf9f38d11c92e6caaf5c4d562434e5d99d8095,"[""214d5812f67cfb5549390301dbed519a3ed81a2e""]",HIGH
651,SAFE_TO_CLOSE_ALREADY_IN_MAIN,1/1 API-listed commits reachable from current origin/main,1/1 API-listed commits reachable from current origin/main | 0/0 non-reachable commits have exact stable patch-id matches | origin/main...head paths=0; two-tree paths=1756 | current head/base unchanged from Phase 1: 9f149c9956fa131bb76e1fe23d0db6f15ab6c953 / 214d5812f67cfb5549390301dbed519a3ed81a2e,"[""9f149c9956fa131bb76e1fe23d0db6f15ab6c953""]",HIGH
652,SAFE_TO_CLOSE_ALREADY_IN_MAIN,1/1 API-listed commits reachable from current origin/main,1/1 API-listed commits reachable from current origin/main | 0/0 non-reachable commits have exact stable patch-id matches | origin/main...head paths=0; two-tree paths=1748 | current head/base unchanged from Phase 1: 772120372a96cc1ad818a290534f570edfba5050 / 9f149c9956fa131bb76e1fe23d0db6f15ab6c953,"[""772120372a96cc1ad818a290534f570edfba5050""]",HIGH
653,SAFE_TO_CLOSE_ALREADY_IN_MAIN,1/1 API-listed commits reachable from current origin/main,1/1 API-listed commits reachable from current origin/main | 0/0 non-reachable commits have exact stable patch-id matches | origin/main...head paths=0; two-tree paths=1739 | current head/base unchanged from Phase 1: a20485c16d725dc2ddc9235c898ff0889c96eecd / 772120372a96cc1ad818a290534f570edfba5050,"[""a20485c16d725dc2ddc9235c898ff0889c96eecd""]",HIGH
654,SAFE_TO_CLOSE_ALREADY_IN_MAIN,1/1 API-listed commits reachable from current origin/main,1/1 API-listed commits reachable from current origin/main | 0/0 non-reachable commits have exact stable patch-id matches | origin/main...head paths=0; two-tree paths=1737 | current head/base unchanged from Phase 1: 5f31c0b7d28b55ded55203eb9b1f75af219d92b8 / a20485c16d725dc2ddc9235c898ff0889c96eecd,"[""5f31c0b7d28b55ded55203eb9b1f75af219d92b8""]",HIGH
655,SAFE_TO_CLOSE_ALREADY_IN_MAIN,1/1 API-listed commits reachable from current origin/main,1/1 API-listed commits reachable from current origin/main | 0/0 non-reachable commits have exact stable patch-id matches | origin/main...head paths=0; two-tree paths=1722 | current head/base unchanged from Phase 1: d6fc7682e616f7a6abb16efba01c17710ea1b3ac / 5f31c0b7d28b55ded55203eb9b1f75af219d92b8,"[""d6fc7682e616f7a6abb16efba01c17710ea1b3ac""]",HIGH
656,SAFE_TO_CLOSE_ALREADY_IN_MAIN,1/1 API-listed commits reachable from current origin/main,1/1 API-listed commits reachable from current origin/main | 0/0 non-reachable commits have exact stable patch-id matches | origin/main...head paths=0; two-tree paths=1714 | current head/base unchanged from Phase 1: cb784edb2b948d68aa75c610197041d10497fdb9 / d6fc7682e616f7a6abb16efba01c17710ea1b3ac,"[""cb784edb2b948d68aa75c610197041d10497fdb9""]",HIGH
657,SAFE_TO_CLOSE_ALREADY_IN_MAIN,1/1 API-listed commits reachable from current origin/main,1/1 API-listed commits reachable from current origin/main | 0/0 non-reachable commits have exact stable patch-id matches | origin/main...head paths=0; two-tree paths=1703 | current head/base unchanged from Phase 1: f4914aa154a1c704ed0cca6bb1e86394a0113cdd / cb784edb2b948d68aa75c610197041d10497fdb9,"[""f4914aa154a1c704ed0cca6bb1e86394a0113cdd""]",HIGH
658,SAFE_TO_CLOSE_ALREADY_IN_MAIN,1/1 API-listed commits reachable from current origin/main,1/1 API-listed commits reachable from current origin/main | 0/0 non-reachable commits have exact stable patch-id matches | origin/main...head paths=0; two-tree paths=1685 | current head/base unchanged from Phase 1: 03e7284c970f5b55320b04ce2a560fb23f03e57b / f4914aa154a1c704ed0cca6bb1e86394a0113cdd,"[""03e7284c970f5b55320b04ce2a560fb23f03e57b""]",HIGH
659,SAFE_TO_CLOSE_ALREADY_IN_MAIN,1/1 API-listed commits reachable from current origin/main,1/1 API-listed commits reachable from current origin/main | 0/0 non-reachable commits have exact stable patch-id matches | origin/main...head paths=0; two-tree paths=1686 | current head/base unchanged from Phase 1: d07916b52dbca12eb4bdd3be0757b43da70b84b2 / 03e7284c970f5b55320b04ce2a560fb23f03e57b,"[""d07916b52dbca12eb4bdd3be0757b43da70b84b2""]",HIGH
660,SAFE_TO_CLOSE_ALREADY_IN_MAIN,1/1 API-listed commits reachable from current origin/main,1/1 API-listed commits reachable from current origin/main | 0/0 non-reachable commits have exact stable patch-id matches | origin/main...head paths=0; two-tree paths=1684 | current head/base unchanged from Phase 1: 02313ff9007671616671dc0da4efd07b18fbcfe6 / d07916b52dbca12eb4bdd3be0757b43da70b84b2,"[""02313ff9007671616671dc0da4efd07b18fbcfe6""]",HIGH
661,SAFE_TO_CLOSE_ALREADY_IN_MAIN,2/2 API-listed commits reachable from current origin/main,2/2 API-listed commits reachable from current origin/main | 0/0 non-reachable commits have exact stable patch-id matches | origin/main...head paths=0; two-tree paths=1678 | current head/base unchanged from Phase 1: 6a951b78303fb28a2d64fbefb8a8752d538d7631 / 02313ff9007671616671dc0da4efd07b18fbcfe6,"[""5f7ccc6d3029558a94bd2af20ec9a561173437dd"",""6a951b78303fb28a2d64fbefb8a8752d538d7631""]",HIGH
662,SAFE_TO_CLOSE_ALREADY_IN_MAIN,1/1 API-listed commits reachable from current origin/main,1/1 API-listed commits reachable from current origin/main | 0/0 non-reachable commits have exact stable patch-id matches | origin/main...head paths=0; two-tree paths=1670 | current head/base unchanged from Phase 1: 5120dee902a276031544e7ac76072122092d6946 / 6a951b78303fb28a2d64fbefb8a8752d538d7631,"[""5120dee902a276031544e7ac76072122092d6946""]",HIGH
663,SAFE_TO_CLOSE_ALREADY_IN_MAIN,1/1 API-listed commits reachable from current origin/main,1/1 API-listed commits reachable from current origin/main | 0/0 non-reachable commits have exact stable patch-id matches | origin/main...head paths=0; two-tree paths=1661 | current head/base unchanged from Phase 1: 1c02fad9ffe20aa28c2e70104de0a3ccd6e36eaf / 5120dee902a276031544e7ac76072122092d6946,"[""1c02fad9ffe20aa28c2e70104de0a3ccd6e36eaf""]",HIGH
664,SAFE_TO_CLOSE_ALREADY_IN_MAIN,1/1 API-listed commits reachable from current origin/main,1/1 API-listed commits reachable from current origin/main | 0/0 non-reachable commits have exact stable patch-id matches | origin/main...head paths=0; two-tree paths=1629 | current head/base unchanged from Phase 1: 8a14cad252c89031d2290750e47726018359fb6e / 1c02fad9ffe20aa28c2e70104de0a3ccd6e36eaf,"[""8a14cad252c89031d2290750e47726018359fb6e""]",HIGH
665,SAFE_TO_CLOSE_ALREADY_IN_MAIN,1/1 API-listed commits reachable from current origin/main,1/1 API-listed commits reachable from current origin/main | 0/0 non-reachable commits have exact stable patch-id matches | origin/main...head paths=0; two-tree paths=1612 | current head/base unchanged from Phase 1: ff1a47ab564ea8c66cf8236b69d005c2d1405fe1 / 8a14cad252c89031d2290750e47726018359fb6e,"[""ff1a47ab564ea8c66cf8236b69d005c2d1405fe1""]",HIGH
666,SAFE_TO_CLOSE_ALREADY_IN_MAIN,1/1 API-listed commits reachable from current origin/main,1/1 API-listed commits reachable from current origin/main | 0/0 non-reachable commits have exact stable patch-id matches | origin/main...head paths=0; two-tree paths=1599 | current head/base unchanged from Phase 1: 01e8df5947d959daa0b1a77f6ff36c0b84791c3e / ff1a47ab564ea8c66cf8236b69d005c2d1405fe1,"[""01e8df5947d959daa0b1a77f6ff36c0b84791c3e""]",HIGH
687,SAFE_TO_CLOSE_ALREADY_IN_MAIN,1/1 API-listed commits reachable from current origin/main,1/1 API-listed commits reachable from current origin/main | 0/0 non-reachable commits have exact stable patch-id matches | origin/main...head paths=0; two-tree paths=1265 | current head/base unchanged from Phase 1: 132ca9c29302cf08f89c284eefa3700cd1149a1c / 957b47325fbd231d4d2d84a0a00b865b0f151b01,"[""132ca9c29302cf08f89c284eefa3700cd1149a1c""]",HIGH
688,SAFE_TO_CLOSE_ALREADY_IN_MAIN,1/1 API-listed commits reachable from current origin/main,1/1 API-listed commits reachable from current origin/main | 0/0 non-reachable commits have exact stable patch-id matches | origin/main...head paths=0; two-tree paths=1143 | current head/base unchanged from Phase 1: 0e4c9eb2b903d2292906257a692b897732d69d98 / 9983ecd745799f6e41625dc0b9265ff6a6c83821,"[""0e4c9eb2b903d2292906257a692b897732d69d98""]",HIGH
689,SAFE_TO_CLOSE_ALREADY_IN_MAIN,1/1 API-listed commits reachable from current origin/main,1/1 API-listed commits reachable from current origin/main | 0/0 non-reachable commits have exact stable patch-id matches | origin/main...head paths=0; two-tree paths=1126 | current head/base unchanged from Phase 1: f4476c1ceb32cb2cceab8217e2141ca672d81188 / 0e4c9eb2b903d2292906257a692b897732d69d98,"[""f4476c1ceb32cb2cceab8217e2141ca672d81188""]",HIGH
886,SAFE_TO_CLOSE_ALREADY_IN_MAIN,1/1 API-listed commits reachable from current origin/main,1/1 API-listed commits reachable from current origin/main | 0/0 non-reachable commits have exact stable patch-id matches | origin/main...head paths=0; two-tree paths=582 | current head/base unchanged from Phase 1: 4b47d99feafc298311642e06b8763cfb5dea6fec / f371eed43595e5c25b19692c8903532500ab2495,"[""4b47d99feafc298311642e06b8763cfb5dea6fec""]",HIGH
887,SAFE_TO_CLOSE_ALREADY_IN_MAIN,1/1 API-listed commits reachable from current origin/main,1/1 API-listed commits reachable from current origin/main | 0/0 non-reachable commits have exact stable patch-id matches | origin/main...head paths=0; two-tree paths=577 | current head/base unchanged from Phase 1: 5293b0d6eb268115d8da50a167ba47edfe49d1cc / 4b47d99feafc298311642e06b8763cfb5dea6fec,"[""5293b0d6eb268115d8da50a167ba47edfe49d1cc""]",HIGH
