capability,historical_pr,historical_commit,historical_file,historical_behavior,current_authority,classification,planned_action,risk,notes
Analytics Summary,#773,e65b88dbefb34b99d6c9520a6d785f571a8f33e6,backend business-insights evaluations-analytics-summary.{service,repository,controller}.ts,"Executive summary orchestrator over business-insights: financial snapshot (invoices), booking snapshot, snapshot fleet utilization, legacy strengths/weaknesses; safeSection resilience",E2 EvaluationsAnalyticsScopeService + E3 EvaluationsFinanceService + E1 period/status,REIMPLEMENT_FOR_CURRENT_ARCHITECTURE,"Reimplement as E4 orchestration composing E3 finance + E4 cost/utilization/strength/weakness/driver sections; reuse section-resilience intent only",MED,"Historical summary queried invoices directly and recomputed revenue/expenses; forbidden now (must delegate to E3)"
Analytics Summary,#773,e65b88dbefb34b99d6c9520a6d785f571a8f33e6,shared/evaluations-insights/evaluations-analytics-summary.contract.ts,Response envelope with executive KPIs + section statuses,E1 EvaluationsMetricResponse + section status semantics,REUSE_INTENT_ONLY,"Model section envelope with status/calculationVersion/period/scope/coverage/generatedAt/reason; compose E1 metric responses",LOW,Section-status intent reused; taxonomy adapted to current 6-state semantics
Analytics Summary,#773,e65b88dbefb34b99d6c9520a6d785f571a8f33e6,financial EUR hard-filter + estimatedFinancialExposureMinor in activeRisks,"Skips non-EUR invoices; surfaces guessed monetary exposure",E3 multi-currency fail-closed + E3.5 no unsafe financial exposure,SECURITY_UNSAFE,"Do NOT reintroduce; finance delegated to E3 (currency-safe); no estimatedFinancialExposure Money",HIGH,"UNSAFE_FINANCIAL_EXPOSURE_REINTRODUCTION_COUNT must stay 0"
Analytics Summary,#773,e65b88dbefb34b99d6c9520a6d785f571a8f33e6,dataQuality section,Local data-quality scoring inside summary,E5 owns Data Quality package,E5_SCOPE,"Expose only local section coverage; no global DQ engine",MED,E5_SCOPE_LEAK_COUNT must stay 0
Cost Model,#780,d96ba7a8c6379e533ca17f2f3c77b46bbeb6ee43,shared/evaluations-insights/evaluations-cost-model.ts (cost-model-v1),"KPIs TOTAL_OPERATING_EXPENSES, COST_PER_VEHICLE/KM/RENTAL_DAY/BOOKING, UNPLANNED_MAINTENANCE, DAMAGE_REPAIR, ESTIMATED_FIXED_COSTS; ACTUAL/ESTIMATED/PARTIAL/UNAVAILABLE",E1/E3 Money authority + current Prisma sources,REIMPLEMENT_FOR_CURRENT_ARCHITECTURE,"Rebuild cost domain: observed cost events (ServiceCase.actualCostCents, VehicleDamage.repairCostCents, incoming OrgInvoice) with dedup; estimated fixed costs from per-vehicle leasing/insurance/tax; per-currency money-safe aggregation",MED,"cost-model-v1 is evidence only; adopt cost-model-e4-v1"
Cost Model,#780,d96ba7a8c6379e533ca17f2f3c77b46bbeb6ee43,EUR-only invoice cost filter,Direct-sum EUR cost totals; non-EUR silently dropped,E3 money multi-currency fail-closed,SEMANTICALLY_INCORRECT,"Aggregate per-currency; mixed currency without FX -> segment/PARTIAL, never false single total",HIGH,"COST_MIXED_CURRENCY_FALSE_TOTAL_COUNT / COST_IMPLICIT_CURRENCY_COUNT must stay 0"
Cost Model,#780,d96ba7a8c6379e533ca17f2f3c77b46bbeb6ee43,ESTIMATED_FIXED_COSTS proRateFactor = periodMs/(30*86400000),Pro-rated per-vehicle leasing/insurance/tax estimate,Vehicle.leasingRateCents/insuranceCostCents/taxCostCents (explicit tenant per-vehicle config),REUSE_INTENT_ONLY,"Reuse proration intent; label ESTIMATED with explicit formula/source/version/provenance; proRate by actual period ms (DST-safe)",MED,"Allowed because values are explicit tenant config; missing fields -> UNAVAILABLE not fabricated"
Cost Model,#780,d96ba7a8c6379e533ca17f2f3c77b46bbeb6ee43,VehicleServiceEvent.costCents source,Legacy service-event cost source,"Current schema: ServiceCase + OrgTask(serviceCaseId,invoiceId)",REIMPLEMENT_FOR_CURRENT_ARCHITECTURE,"Use ServiceCase.actualCostCents; dedup vs incoming invoices sharing documentExtractionId/bookingId",MED,"COST_DOUBLE_COUNT_COUNT must stay 0"
Cost Model,#780,d96ba7a8c6379e533ca17f2f3c77b46bbeb6ee43,UNPLANNED_DOWNTIME_COSTS/UNDERUTILIZATION_POTENTIAL/NO_SHOW costs (counts only),Opportunity costs explicitly excluded from actual money,E4 no invented expenses,REUSE_INTENT_ONLY,"Keep excluded from monetary cost; expose as UNAVAILABLE (no monetary attribution)",LOW,"UNPROVEN_COST_ESTIMATE_COUNT must stay 0"
Utilization,#782,46f533afc431d9c68a4486133313e4f5d7888de0,shared/evaluations-insights/evaluations-utilization-intervals.ts,"Interval merge/clip + overlap detection helpers",none (new pure module),REUSE_INTENT_ONLY,"Reimplement pure interval clip/union/overlap primitives with period clipping",LOW,"OVERLAPPING_INTERVAL_DOUBLE_COUNT_COUNT / UTILIZATION_OVER_100_COUNT must stay 0"
Utilization,#782,46f533afc431d9c68a4486133313e4f5d7888de0,evaluations-utilization-model.ts (utilization-model-v1),"Time-weighted: capacity=periodMs; rented=merged booking intervals (active/completed); maintenance/blocked=ServiceCase downtime; net=capacity-maint-blocked; util=rented/net",Booking(startDate,endDate,status) + ServiceCase(downtimeStart/End,blocksRental) + VehicleStatus,REIMPLEMENT_FOR_CURRENT_ARCHITECTURE,"Reimplement time-weighted utilization with interval clip+union; capacity from real period ms (DST-safe); adopt utilization-model-e4-v1",MED,"Snapshot-only fallback treated whole period as downtime -> keep as PARTIAL/coverage-limited only"
Utilization,#782,46f533afc431d9c68a4486133313e4f5d7888de0,VehicleLatestState.online telemetry drilldown (informational),Telemetry offline is informational only NOT downtime,Telemetry-offline != downtime invariant,ALREADY_IN_MAIN,"Preserve invariant: telemetry offline never converted to maintenance/blocked",LOW,"TELEMETRY_OFFLINE_DOWNTIME_MISCLASS_COUNT must stay 0"
Utilization,#782,46f533afc431d9c68a4486133313e4f5d7888de0,home-station grouping for station utilization,Groups by Vehicle.homeStationId (current station),Station history is incomplete (VehicleStationTransfer events only),SEMANTICALLY_INCORRECT,"Do NOT apply current station retroactively; station-scoped historical utilization -> PARTIAL/UNAVAILABLE (coverage-limited)",HIGH,"CURRENT_STATION_RETROACTIVE_HISTORY_COUNT must stay 0"
Strength Detection,#783,f5cfe0c5cda1bef260dca6a0417977701530210e,shared/evaluations-insights/evaluations-strength-detection.ts (strength-detection-v1),"12 rule ids (HIGH_UTILIZATION, REVENUE_GROWTH, LOW_OVERDUE_RATE, etc.) with ORG_TARGET/HISTORICAL_PERIOD/PEER_STATIONS comparators + evidence gates + overlap suppression",E4 utilization/cost + E3 finance evidence,REIMPLEMENT_FOR_CURRENT_ARCHITECTURE,"Reimplement deterministic rules with ruleId/version/metric/evidence/threshold/comparator/scope/period; evidence gate; dedup; stable ordering; adopt strength-detection-e4-v1",MED,"STRENGTH_INSUFFICIENT_EVIDENCE_COUNT must stay 0"
Strength Detection,#783,f5cfe0c5cda1bef260dca6a0417977701530210e,GOOD_DATA_QUALITY rule + DQ suppression,Data-quality strength inside detection,E5 owns Data Quality,E5_SCOPE,"Drop DQ strength rule; keep only local coverage gating",LOW,E5_SCOPE_LEAK_COUNT must stay 0
Weakness Detection,#784,32714750f7f197c5a8e4b9bb304011ca2444a05d,shared/evaluations-insights/evaluations-weakness-detection.ts (weakness-detection-v1),"13 rule ids + severity + categories + dedup groups; financialImpact labeled OBSERVATION/ESTIMATE/FORECAST; recommendedNextAnalysis strings",E4 evidence + E1 status,REIMPLEMENT_FOR_CURRENT_ARCHITECTURE,"Reimplement deterministic weaknesses with severity + evidence gate; OBSERVATION allowed, ESTIMATE only with provenance, FORECAST deferred to E8; adopt weakness-detection-e4-v1",MED,"WEAKNESS_INSUFFICIENT_EVIDENCE_COUNT / E8_FORECAST_IMPLEMENTATION_LEAK_COUNT must stay 0"
Weakness Detection,#784,32714750f7f197c5a8e4b9bb304011ca2444a05d,recommendedNextAnalysis + estimatedExposureMinor on COMPLIANCE_RISKS,Analysis-hint strings + aggregated insight exposure,E7 owns recommendations/actions; E3.5 no unsafe exposure,E7_SCOPE,"Drop recommendedNextAnalysis (E7) and guessed exposure Money; observations only",MED,"E7_ACTION_SCOPE_LEAK_COUNT / UNSAFE_FINANCIAL_EXPOSURE_REINTRODUCTION_COUNT must stay 0"
Driver / Influence Analysis,#786,56b9efe22b059cedf5aff64188922aef6e10ba37,shared/evaluations-insights/evaluations-driver-analysis.ts (driver-analysis-v1),"Rule-based influence decomposition per detected outcome; DRIVER_ANALYSIS_DISCLAIMER (correlation != causation); confounders; magnitude sharePercent",Drivers = Customer records (org-scoped); E4 parent evidence,REIMPLEMENT_FOR_CURRENT_ARCHITECTURE,"Reimplement association-only influence over parent evidence; disclaimer + confounders; sample/evidence gate; tenant-scoped Customer; adopt driver-analysis-e4-v1",MED,"DRIVER_CAUSAL_CLAIM_COUNT / DRIVER_INSUFFICIENT_SAMPLE_RESULT_COUNT / CROSS_TENANT_DRIVER_ANALYSIS_LEAK_COUNT must stay 0"
Driver / Influence Analysis,#786,56b9efe22b059cedf5aff64188922aef6e10ba37,risk driver affected entities placeholder ids (aggregated-1),Placeholder entity ids in risk drivers,Tenant-safe entity references,OBSOLETE,"Do not emit placeholder entity ids; reference real org-scoped ids or aggregate only",LOW,No fabricated entity references
Driver / Influence Analysis,#786,56b9efe22b059cedf5aff64188922aef6e10ba37,trend stubs (utilization trend not persisted),Trend fields deferred to future time-series,E8 owns prediction/forecast,E8_SCOPE,"Do not implement forecast/trend prediction; omit or mark UNAVAILABLE",LOW,E8_SCOPE_LEAK_COUNT must stay 0
